adm1,adm2,hf,month,year,test_u5,test_rdt_u5,test mic u5,conf_u5,conf_rdt_u5,Conf_mic_u5,TEST_OV5,test_rdt_ov5,test_mic_ov5,conf_ov5,conf_rdt_ov5,conf_mic_ov5
West,Bamakiary,6,Jan,2018,289,279,127,204,201,9,317,137,63,272,255,11
West,Bamakiary,6,Feb,2018,178,175,87,92,90,4,193,73,36,104,97,5
West,Bamakiary,6,Mar,2018,41,40,13,36,35,2,45,25,8,47,44,2
West,Bamakiary,6,Apr,2018,NA,129,49,69,68,3,137,66,25,79,74,3
West,Bamakiary,6,May,2018,95,93,28,64,62,4,101,57,18,83,77,4
West,Bamakiary,6,Jun,2018,108,105,38,42,41,2,115,58,22,49,46,2
West,Bamakiary,6,Jul,2018,121,118,46,93,87,6,134,66,25,108,101,7
West,Bamakiary,6,Aug,2018,299,293,73,175,171,6,352,229,56,335,321,12
West,Bamakiary,6,Sep,2018,323,317,73,174,171,6,394,265,62,391,374,14
West,Bamakiary,6,Oct,2018,526,514,76,259,252,12,684,540,80,554,525,24
West,Bamakiary,6,Nov,2018,343,335,23,251,246,9,431,389,27,510,487,19
West,Bamakiary,6,Dec,2018,93,91,18,40,39,1,103,72,15,47,45,2
West,Bamakiary,26,Jan,2018,122,118,54,57,55,3,134,58,26,75,71,3
West,Bamakiary,26,Feb,2018,148,146,72,78,76,3,161,61,30,88,83,4
West,Bamakiary,26,Mar,2018,117,114,38,49,48,2,128,70,23,63,59,3
West,Bamakiary,26,Apr,2018,128,124,48,75,73,3,132,64,24,85,80,4
West,Bamakiary,26,May,2018,136,133,41,67,65,4,145,82,25,86,80,4
West,Bamakiary,26,Jun,2018,162,158,58,92,90,4,174,88,32,108,101,5
West,Bamakiary,26,Jul,2018,67,65,25,28,26,2,74,37,14,33,31,2
West,Bamakiary,26,Aug,2018,244,239,59,154,150,6,286,186,46,295,283,10
West,Bamakiary,26,Sep,2018,32,188,44,68,67,3,234,157,36,154,147,5
West,Bamakiary,26,Oct,2018,243,238,35,111,107,5,316,249,37,236,224,11
West,Bamakiary,26,Nov,2018,195,190,13,109,107,4,245,221,16,223,213,8
West,Bamakiary,26,Dec,2018,93,91,18,78,77,2,102,71,15,94,90,3
West,Bamakiary,80,Jan,2018,92,89,41,66,65,3,102,44,20,89,83,4
West,Bamakiary,80,Feb,2018,74,73,36,30,29,1,80,30,15,33,31,2
West,Bamakiary,80,Mar,2018,255,248,82,73,71,4,279,153,51,94,88,4
West,Bamakiary,80,Apr,2018,144,141,54,88,86,4,150,72,27,101,95,4
West,Bamakiary,80,May,2018,42,41,12,16,16,1,44,25,8,21,19,1
West,Bamakiary,80,Jun,2018,166,161,59,55,54,2,177,90,33,64,60,3
West,Bamakiary,80,Jul,2018,222,215,83,154,144,10,243,121,46,179,168,11
West,Bamakiary,80,Aug,2018,389,382,94,208,203,7,458,297,74,398,382,14
West,Bamakiary,80,Sep,2018,182,179,41,87,86,3,222,149,35,196,187,7
West,Bamakiary,80,Oct,2018,175,172,25,98,95,5,229,180,27,209,198,9
West,Bamakiary,80,Nov,2018,166,162,11,99,97,4,209,189,13,201,192,7
West,Bamakiary,80,Dec,2018,358,351,71,254,250,8,394,275,55,302,289,9
Plains,Bonmi,44,Jan,2018,138,138,51,89,88,0,146,69,26,106,106,1
Plains,Bonmi,44,Feb,2018,92,91,39,26,26,0,94,39,17,33,33,0
Plains,Bonmi,44,Mar,2018,153,152,64,95,94,0,156,65,28,121,121,1
Plains,Bonmi,44,Apr,2018,56,56,10,32,33,0,59,41,8,48,47,0
Plains,Bonmi,44,May,2018,227,226,37,117,117,0,239,175,28,177,176,1
Plains,Bonmi,44,Jun,2018,122,122,27,72,72,0,131,85,19,99,99,0
Plains,Bonmi,44,Jul,2018,206,205,38,140,139,0,226,160,29,173,173,1
Plains,Bonmi,44,Aug,2018,141,140,12,67,67,0,174,150,13,150,149,1
Plains,Bonmi,44,Sep,2018,181,181,43,115,115,0,214,138,33,201,200,1
Plains,Bonmi,44,Oct,2018,172,171,47,139,139,0,197,118,33,185,184,1
Plains,Bonmi,44,Nov,2018,207,206,59,130,129,0,233,136,39,173,173,1
Plains,Bonmi,44,Dec,2018,416,411,154,299,298,1,432,206,77,318,317,1
Plains,Bonmi,97,Jan,2018,97,96,36,64,63,0,102,49,18,76,76,1
Plains,Bonmi,97,Feb,2018,135,134,58,68,67,0,140,58,25,86,86,1
Plains,Bonmi,97,Mar,2018,53,53,22,32,32,0,55,23,10,41,41,0
Plains,Bonmi,97,Apr,2018,159,159,29,68,68,0,167,117,21,99,98,1
Plains,Bonmi,97,May,2018,103,103,16,54,54,0,108,79,13,81,81,0
Plains,Bonmi,97,Jun,2018,89,89,19,75,75,0,95,62,14,103,103,0
Plains,Bonmi,97,Jul,2018,418,417,76,263,262,1,461,326,60,326,325,1
Plains,Bonmi,97,Aug,2018,198,197,17,111,111,0,245,211,18,247,246,1
Plains,Bonmi,97,Sep,2018,246,245,58,152,151,0,289,187,45,265,265,1
Plains,Bonmi,97,Oct,2018,15,15,4,9,9,0,17,10,3,13,13,0
Plains,Bonmi,97,Nov,2018,355,353,101,289,288,1,399,233,67,384,383,1
Plains,Bonmi,97,Dec,2018,120,119,45,75,75,0,125,59,22,80,79,1
Central,Buoadara,65,Jan,2018,111,109,61,106,105,1,112,34,19,109,108,1
Central,Buoadara,65,Feb,2018,95,94,48,50,50,0,90,28,15,56,55,1
Central,Buoadara,65,Mar,2018,59,59,20,32,32,0,61,31,10,43,42,1
Central,Buoadara,65,Apr,2018,78,76,14,43,42,0,74,52,10,64,64,1
Central,Buoadara,65,May,2018,48,48,5,28,28,0,49,40,4,40,40,0
Central,Buoadara,65,Jun,2018,134,132,37,81,81,1,138,81,22,107,105,1
Central,Buoadara,65,Jul,2018,383,381,114,283,281,1,414,232,70,289,288,2
Central,Buoadara,65,Aug,2018,226,224,45,156,155,1,268,188,37,250,249,1
Central,Buoadara,65,Sep,2018,527,516,198,392,390,2,607,304,116,533,531,2
Central,Buoadara,65,Oct,2018,263,262,119,178,177,0,292,120,54,209,209,1
Central,Buoadara,65,Nov,2018,401,396,203,233,231,2,427,151,78,282,280,2
Central,Buoadara,65,Dec,2018,155,154,90,86,86,0,157,43,25,89,88,1
North Coast,Buseli,25,Jan,2018,117,118,44,74,73,0,120,54,21,75,75,1
North Coast,Buseli,25,Feb,2018,67,67,25,41,41,0,68,31,12,44,44,0
North Coast,Buseli,25,Mar,2018,118,118,39,44,43,0,118,60,19,52,52,1
North Coast,Buseli,25,Apr,2018,346,345,78,196,195,1,349,222,50,251,249,2
North Coast,Buseli,25,May,2018,82,82,23,54,53,0,81,45,13,64,64,1
North Coast,Buseli,25,Jun,2018,87,87,22,59,58,0,88,53,13,72,72,1
North Coast,Buseli,25,Jul,2018,129,129,30,77,77,2,134,84,20,73,70,1
North Coast,Buseli,25,Aug,2018,349,348,56,203,203,2,405,301,49,336,332,2
North Coast,Buseli,25,Sep,2018,300,299,112,246,245,2,343,169,63,351,348,2
North Coast,Buseli,25,Oct,2018,419,418,218,295,295,1,475,170,88,345,343,1
North Coast,Buseli,25,Nov,2018,33,33,18,18,18,0,38,13,7,26,26,0
North Coast,Buseli,25,Dec,2018,552,552,321,374,374,2,538,137,80,300,296,2
North Coast,Buseli,51,Jan,2018,0,1,0,0,0,0,0,0,0,0,0,0
North Coast,Buseli,51,Feb,2018,137,137,51,82,81,0,138,63,24,87,87,1
North Coast,Buseli,51,Mar,2018,59,59,19,30,30,0,59,30,10,37,36,1
North Coast,Buseli,51,Apr,2018,121,120,27,71,71,0,122,78,18,91,90,1
North Coast,Buseli,51,May,2018,102,102,29,41,41,0,101,56,16,50,49,1
North Coast,Buseli,51,Jun,2018,96,96,24,56,56,0,97,58,15,69,68,1
North Coast,Buseli,51,Jul,2018,170,170,41,141,141,3,178,111,26,133,127,3
North Coast,Buseli,51,Aug,2018,90,90,14,68,68,0,104,77,13,112,111,1
North Coast,Buseli,51,Sep,2018,345,345,129,211,211,1,395,194,72,302,299,2
North Coast,Buseli,51,Oct,2018,55,55,28,47,47,0,62,22,12,55,55,0
North Coast,Buseli,51,Nov,2018,38,38,20,22,23,0,43,15,8,32,31,0
North Coast,Buseli,51,Dec,2018,263,263,153,187,186,1,256,65,38,149,148,1
North Coast,Buseli,57,Jan,2018,37,37,14,24,24,0,37,17,6,24,24,0
North Coast,Buseli,57,Feb,2018,NA,116,44,94,93,0,117,54,20,100,100,1
North Coast,Buseli,57,Mar,2018,148,147,49,74,73,0,146,74,24,88,88,1
North Coast,Buseli,57,Apr,2018,8,46,10,9,9,0,47,30,7,11,11,0
North Coast,Buseli,57,May,2018,75,74,21,53,52,0,73,41,12,63,63,1
North Coast,Buseli,57,Jun,2018,133,132,33,66,66,0,133,81,20,82,81,1
North Coast,Buseli,57,Jul,2018,248,247,59,164,163,4,258,162,38,154,148,3
North Coast,Buseli,57,Aug,2018,238,238,38,181,181,1,276,205,33,300,297,2
North Coast,Buseli,57,Sep,2018,632,631,236,388,388,2,724,356,133,556,550,4
North Coast,Buseli,57,Oct,2018,88,88,46,64,64,0,100,36,18,74,74,0
North Coast,Buseli,57,Nov,2018,206,205,110,127,127,1,232,80,43,180,178,1
North Coast,Buseli,57,Dec,2018,302,302,176,236,236,1,295,75,44,189,187,1
North Coast,Buseli,98,Jan,2018,63,64,24,31,31,0,65,29,11,32,32,0
North Coast,Buseli,98,Feb,2018,137,137,51,79,78,0,138,63,24,84,84,1
North Coast,Buseli,98,Mar,2018,44,43,15,32,31,0,43,22,7,38,38,1
North Coast,Buseli,98,Apr,2018,122,122,27,76,76,0,123,78,18,98,97,1
North Coast,Buseli,98,May,2018,116,116,33,83,83,1,114,63,18,101,99,1
North Coast,Buseli,98,Jun,2018,24,144,36,86,86,1,145,88,22,107,105,1
North Coast,Buseli,98,Jul,2018,105,105,25,64,64,2,109,68,16,60,57,1
North Coast,Buseli,98,Aug,2018,91,91,14,60,60,0,106,79,13,100,99,1
North Coast,Buseli,98,Sep,2018,270,270,101,183,183,1,310,152,57,262,259,2
North Coast,Buseli,98,Oct,2018,187,187,97,103,103,0,213,76,40,121,120,1
North Coast,Buseli,98,Nov,2018,276,276,148,137,137,1,312,107,57,194,192,1
North Coast,Buseli,98,Dec,2018,169,169,99,168,168,1,165,42,24,135,133,1
North Coast,Bwiziwo,78,Jan,2018,23,24,5,13,14,0,26,16,4,21,20,0
North Coast,Bwiziwo,78,Feb,2018,75,75,19,29,29,0,81,49,13,41,40,1
North Coast,Bwiziwo,78,Mar,2018,94,93,26,37,36,1,101,59,17,58,56,2
North Coast,Bwiziwo,78,Apr,2018,232,232,35,117,117,2,246,183,28,205,199,4
North Coast,Bwiziwo,78,May,2018,18,18,3,4,5,0,19,14,2,9,8,0
North Coast,Bwiziwo,78,Jun,2018,279,278,51,92,92,2,315,224,41,163,157,4
North Coast,Bwiziwo,78,Jul,2018,205,204,27,183,183,1,219,171,22,216,213,2
North Coast,Bwiziwo,78,Aug,2018,183,183,17,112,112,1,219,185,17,233,229,3
North Coast,Bwiziwo,78,Sep,2018,222,221,51,136,136,1,259,170,39,232,228,3
North Coast,Bwiziwo,78,Oct,2018,280,280,76,199,199,2,314,187,51,321,317,2
North Coast,Bwiziwo,78,Nov,2018,296,295,116,146,146,1,328,153,60,251,247,3
North Coast,Bwiziwo,78,Dec,2018,270,269,94,175,175,2,278,137,48,209,205,2
North Coast,Bwiziwo,79,Jan,2018,58,57,14,30,30,0,62,40,9,45,44,1
North Coast,Bwiziwo,79,Feb,2018,8,8,2,4,4,0,8,5,1,5,5,0
North Coast,Bwiziwo,79,Mar,2018,82,81,23,51,51,2,88,52,14,82,78,2
North Coast,Bwiziwo,79,Apr,2018,350,350,53,98,98,2,371,276,42,173,168,3
North Coast,Bwiziwo,79,May,2018,137,137,23,81,81,1,150,109,18,155,151,3
North Coast,Bwiziwo,79,Jun,2018,84,83,16,57,57,1,94,67,12,101,98,2
North Coast,Bwiziwo,79,Jul,2018,89,89,11,33,33,0,96,75,10,39,38,1
North Coast,Bwiziwo,79,Aug,2018,244,244,22,71,71,1,292,247,23,147,145,1
North Coast,Bwiziwo,79,Sep,2018,230,230,53,92,92,1,270,176,41,158,155,2
North Coast,Bwiziwo,79,Oct,2018,66,66,18,38,38,0,74,44,12,61,60,1
North Coast,Bwiziwo,79,Nov,2018,58,58,22,37,37,0,64,30,12,64,63,1
North Coast,Bwiziwo,79,Dec,2018,66,66,23,55,55,0,67,33,11,66,65,1
West,Cadagudeey,58,Jan,2018,-9999,211,143,165,165,4,225,51,35,180,172,4
West,Cadagudeey,58,Feb,2018,117,116,68,84,84,1,119,33,19,101,98,2
West,Cadagudeey,58,Mar,2018,149,149,74,88,88,1,148,49,25,97,94,2
West,Cadagudeey,58,Apr,2018,100,100,45,58,58,0,97,36,16,59,59,0
West,Cadagudeey,58,May,2018,60,60,30,31,31,0,62,21,11,34,34,0
West,Cadagudeey,58,Jun,2018,55,54,22,52,52,0,54,24,9,46,46,0
West,Cadagudeey,58,Jul,2018,211,211,123,203,203,1,218,60,35,159,158,0
West,Cadagudeey,58,Aug,2018,588,588,212,339,338,2,640,315,113,461,458,2
West,Cadagudeey,58,Sep,2018,173,172,77,118,118,0,194,81,37,180,179,1
West,Cadagudeey,58,Oct,2018,77,77,39,47,47,0,85,31,15,56,55,1
West,Cadagudeey,58,Nov,2018,92,92,42,83,83,0,93,35,16,86,85,1
West,Cadagudeey,58,Dec,2018,353,353,188,322,322,5,343,101,54,236,228,3
West,Cakure,81,Jan,2018,71,71,22,35,34,1,73,39,12,44,43,1
West,Cakure,81,Feb,2018,174,173,55,96,95,2,185,99,32,125,121,3
West,Cakure,81,Mar,2018,123,122,34,99,98,2,121,69,19,115,111,3
West,Cakure,81,Apr,2018,159,158,31,105,104,3,156,106,20,154,148,4
West,Cakure,81,May,2018,150,149,25,73,73,2,157,114,19,116,111,3
West,Cakure,81,Jun,2018,105,104,24,56,56,2,108,69,16,73,68,3
West,Cakure,81,Jul,2018,180,177,66,151,149,4,193,95,35,137,132,3
West,Cakure,81,Aug,2018,265,263,45,177,176,3,307,226,38,302,296,4
West,Cakure,81,Sep,2018,67,398,55,249,248,4,455,353,49,399,389,7
West,Cakure,81,Oct,2018,319,316,71,166,166,2,360,239,53,242,237,3
West,Cakure,81,Nov,2018,364,362,99,184,182,3,425,257,71,320,314,5
West,Cakure,81,Dec,2018,205,204,64,110,109,2,215,116,36,110,108,1
Plains,Caya,71,Jan,2018,65,64,21,34,34,0,62,32,10,33,33,0
Plains,Caya,71,Feb,2018,55,55,24,35,36,0,56,22,10,38,37,0
Plains,Caya,71,Mar,2018,22,128,38,85,84,0,126,69,20,94,94,1
Plains,Caya,71,Apr,2018,194,193,64,120,120,0,200,103,34,149,149,0
Plains,Caya,71,May,2018,72,71,17,45,45,0,73,46,11,57,57,0
Plains,Caya,71,Jun,2018,188,187,55,92,91,1,193,107,32,90,90,0
Plains,Caya,71,Jul,2018,93,93,40,54,54,0,92,36,16,40,40,0
Plains,Caya,71,Aug,2018,231,228,76,161,161,0,234,121,40,175,174,1
Plains,Caya,71,Sep,2018,157,157,88,120,120,1,151,40,23,99,98,0
Plains,Caya,71,Oct,2018,81,81,64,84,85,0,87,13,10,71,70,0
Plains,Caya,71,Nov,2018,196,195,109,155,155,1,187,51,28,137,136,0
Plains,Caya,71,Dec,2018,343,331,231,272,271,1,285,39,27,196,195,1
East,Dakoga,59,Jan,2018,80,80,14,43,43,0,88,63,11,60,60,0
East,Dakoga,59,Feb,2018,72,71,18,47,46,0,75,47,11,68,68,1
East,Dakoga,59,Mar,2018,84,83,23,46,45,0,86,50,14,64,64,1
East,Dakoga,59,Apr,2018,NA,246,29,105,104,1,258,207,24,152,151,1
East,Dakoga,59,May,2018,16,15,1,7,7,0,15,14,1,12,12,0
East,Dakoga,59,Jun,2018,21,21,1,5,5,0,23,21,1,8,8,0
East,Dakoga,59,Jul,2018,205,139,0,138,138,0,221,287,0,176,175,1
East,Dakoga,59,Aug,2018,174,173,4,101,101,0,210,203,4,209,208,1
East,Dakoga,59,Sep,2018,272,269,44,150,149,0,330,248,41,270,270,1
East,Dakoga,59,Oct,2018,36,36,9,23,23,0,42,26,7,41,41,0
East,Dakoga,59,Nov,2018,166,165,48,107,106,1,191,111,33,166,165,1
East,Dakoga,59,Dec,2018,122,121,26,70,70,0,130,87,18,98,97,1
East,Dakoga,93,Jan,2018,103,102,18,42,42,0,112,81,14,57,57,0
East,Dakoga,93,Feb,2018,252,250,62,103,102,1,44,164,40,150,149,1
East,Dakoga,93,Mar,2018,230,228,63,107,106,1,234,136,37,150,148,2
East,Dakoga,93,Apr,2018,129,128,15,43,43,0,135,108,13,63,62,1
East,Dakoga,93,May,2018,153,151,11,62,62,0,152,133,10,96,95,1
East,Dakoga,93,Jun,2018,248,245,10,96,95,1,259,242,10,141,139,2
East,Dakoga,93,Jul,2018,111,75,0,81,81,0,119,155,0,104,103,1
East,Dakoga,93,Aug,2018,96,95,2,54,54,0,115,111,3,112,112,0
East,Dakoga,93,Sep,2018,273,270,44,165,165,0,330,248,41,298,297,1
East,Dakoga,93,Oct,2018,229,229,58,129,129,0,267,167,42,229,228,1
East,Dakoga,93,Nov,2018,179,178,53,109,108,1,206,119,35,169,168,1
East,Dakoga,93,Dec,2018,145,145,30,107,106,1,156,104,22,149,148,1
East,Gakingo,2,Jan,2018,21,21,6,19,18,1,21,12,3,17,17,0
East,Gakingo,2,Feb,2018,35,35,9,18,18,0,35,21,5,20,20,0
East,Gakingo,2,Mar,2018,113,112,31,53,53,1,111,64,17,59,57,1
East,Gakingo,2,Apr,2018,57,57,15,15,16,0,58,34,9,20,18,1
East,Gakingo,2,May,2018,128,128,41,48,48,1,129,67,21,59,57,1
East,Gakingo,2,Jun,2018,300,299,89,110,110,2,304,167,49,116,111,3
East,Gakingo,2,Jul,2018,87,87,30,58,58,1,91,45,16,43,42,0
East,Gakingo,2,Aug,2018,538,538,200,451,451,5,583,279,104,509,499,5
East,Gakingo,2,Sep,2018,155,155,47,106,106,2,156,83,26,97,93,2
East,Gakingo,2,Oct,2018,460,460,231,359,359,5,463,155,77,351,341,5
East,Gakingo,2,Nov,2018,177,176,75,147,147,4,177,72,31,152,144,4
East,Gakingo,2,Dec,2018,296,293,110,232,232,4,296,137,52,219,212,3
East,Gakingo,67,Jan,2018,38,37,11,8,8,0,38,22,6,8,8,0
East,Gakingo,67,Feb,2018,59,59,15,36,36,0,60,36,9,39,38,1
East,Gakingo,67,Mar,2018,60,59,16,35,35,0,58,34,9,39,38,1
East,Gakingo,67,Apr,2018,9,9,2,4,4,0,9,5,2,4,4,0
East,Gakingo,67,May,2018,86,86,27,76,76,1,87,45,15,94,91,2
East,Gakingo,67,Jun,2018,-9999,165,49,109,109,2,168,92,27,116,111,3
East,Gakingo,67,Jul,2018,187,187,64,148,147,2,196,98,34,110,108,1
East,Gakingo,67,Aug,2018,49,49,18,32,32,0,53,25,10,36,35,1
East,Gakingo,67,Sep,2018,389,389,120,301,301,6,393,209,64,277,266,5
East,Gakingo,67,Oct,2018,149,149,75,117,117,2,150,50,25,114,111,1
East,Gakingo,67,Nov,2018,196,196,84,108,108,3,197,79,34,112,106,3
East,Gakingo,67,Dec,2018,167,165,62,105,105,2,166,77,29,98,95,1
East,Galkashiikh,5,Jan,2018,103,103,49,89,88,6,98,33,16,68,59,4
East,Galkashiikh,5,Feb,2018,98,95,39,72,71,6,95,42,17,73,63,5
East,Galkashiikh,5,Mar,2018,95,94,39,76,76,8,91,37,16,79,64,7
East,Galkashiikh,5,Apr,2018,65,65,22,40,39,6,66,33,11,50,39,6
East,Galkashiikh,5,May,2018,154,153,53,62,62,9,147,71,24,82,63,10
East,Galkashiikh,5,Jun,2018,189,188,78,73,73,11,183,75,31,79,59,9
East,Galkashiikh,5,Jul,2018,266,263,78,220,218,26,261,144,42,216,172,20
East,Galkashiikh,5,Aug,2018,116,115,52,82,81,6,124,50,23,93,82,6
East,Galkashiikh,5,Sep,2018,608,593,381,514,510,34,598,141,91,466,408,28
East,Galkashiikh,5,Oct,2018,229,227,158,120,119,10,212,33,23,96,81,6
East,Galkashiikh,5,Nov,2018,-9999,243,171,174,172,16,233,38,27,175,148,13
East,Galkashiikh,5,Dec,2018,267,264,165,197,195,21,242,49,31,173,139,15
East,Galkashiikh,85,Jan,2018,61,60,29,47,47,3,57,20,9,37,32,2
East,Galkashiikh,85,Feb,2018,7,6,3,5,5,1,1,3,1,6,5,0
East,Galkashiikh,85,Mar,2018,75,74,31,39,38,4,72,30,12,40,33,4
East,Galkashiikh,85,Apr,2018,98,97,33,68,67,10,98,49,17,85,66,10
East,Galkashiikh,85,May,2018,283,281,96,160,159,24,270,131,45,208,160,25
East,Galkashiikh,85,Jun,2018,44,44,19,34,34,6,43,17,7,37,27,4
East,Galkashiikh,85,Jul,2018,478,474,140,326,324,38,471,259,76,320,254,30
East,Galkashiikh,85,Aug,2018,312,309,140,205,204,15,334,136,61,233,204,15
East,Galkashiikh,85,Sep,2018,201,196,126,145,143,10,197,46,30,131,115,8
East,Galkashiikh,85,Oct,2018,246,243,169,198,196,16,227,36,25,158,133,11
East,Galkashiikh,85,Nov,2018,449,443,313,299,295,27,426,70,49,300,254,23
East,Galkashiikh,85,Dec,2018,587,581,364,477,472,51,532,107,67,417,335,36
West,Gotou,32,Jan,2018,22,22,7,13,13,0,21,10,4,14,14,0
West,Gotou,32,Feb,2018,34,34,10,21,21,0,35,19,6,22,22,0
West,Gotou,32,Mar,2018,140,140,47,84,84,1,138,68,23,91,89,1
West,Gotou,32,Apr,2018,123,123,28,78,78,0,120,75,17,93,92,1
West,Gotou,32,May,2018,75,75,16,32,32,0,75,48,11,41,40,1
West,Gotou,32,Jun,2018,121,121,42,66,66,1,121,59,20,62,61,0
West,Gotou,32,Jul,2018,57,56,30,30,30,0,54,16,9,19,19,0
West,Gotou,32,Aug,2018,237,237,89,193,192,1,241,110,42,179,179,0
West,Gotou,32,Sep,2018,259,258,111,192,192,1,260,105,45,174,173,0
West,Gotou,32,Oct,2018,230,228,88,185,185,1,234,107,41,171,170,0
West,Gotou,32,Nov,2018,141,140,58,94,94,0,142,60,25,92,92,0
West,Gotou,32,Dec,2018,279,278,115,142,142,1,277,115,48,108,107,0
West,Gotou,72,Jan,2018,57,57,20,45,45,0,57,27,10,45,45,0
West,Gotou,72,Feb,2018,102,101,31,79,79,0,102,55,17,82,81,1
West,Gotou,72,Mar,2018,176,175,59,94,94,1,173,86,29,102,100,1
West,Gotou,72,Apr,2018,135,135,31,84,84,0,132,82,19,100,99,1
West,Gotou,72,May,2018,85,84,19,58,57,0,84,54,12,72,72,1
West,Gotou,72,Jun,2018,NA,84,29,34,34,0,84,41,14,32,32,0
West,Gotou,72,Jul,2018,458,456,244,404,404,2,438,128,68,255,252,1
West,Gotou,72,Aug,2018,69,70,26,48,48,0,71,32,12,44,44,0
West,Gotou,72,Sep,2018,131,130,56,105,105,1,131,53,23,96,95,0
West,Gotou,72,Oct,2018,119,118,46,81,81,0,121,55,21,74,74,0
West,Gotou,72,Nov,2018,19,19,8,12,12,0,19,8,3,11,11,0
West,Gotou,72,Dec,2018,166,166,69,121,121,1,165,68,28,92,91,0
East,Guinikoto,70,Jan,2018,153,150,50,93,92,1,156,82,27,96,94,2
East,Guinikoto,70,Feb,2018,56,55,18,39,38,1,56,30,9,38,38,0
East,Guinikoto,70,Mar,2018,63,62,26,29,28,1,63,27,11,32,31,1
East,Guinikoto,70,Apr,2018,131,128,34,84,82,1,133,80,22,84,83,2
East,Guinikoto,70,May,2018,72,70,22,48,47,1,72,40,12,47,47,0
East,Guinikoto,70,Jun,2018,47,46,11,43,42,1,47,30,7,36,35,1
East,Guinikoto,70,Jul,2018,145,140,25,101,100,2,142,103,19,92,90,1
East,Guinikoto,70,Aug,2018,271,268,91,153,152,1,304,161,55,240,238,2
East,Guinikoto,70,Sep,2018,236,232,108,132,130,2,282,121,57,219,217,2
East,Guinikoto,70,Oct,2018,69,69,33,43,42,0,84,34,17,72,72,1
East,Guinikoto,70,Nov,2018,181,177,78,122,120,2,204,90,40,194,192,2
East,Guinikoto,70,Dec,2018,125,123,74,81,80,1,135,39,24,107,106,1
North Coast,Kanyabare,33,Jan,2018,111,109,40,74,73,3,124,63,23,100,95,3
North Coast,Kanyabare,33,Feb,2018,95,93,26,50,50,2,106,64,18,80,76,2
North Coast,Kanyabare,33,Mar,2018,104,103,26,31,31,1,121,77,19,56,53,2
North Coast,Kanyabare,33,Apr,2018,90,89,18,42,41,1,102,71,14,74,71,3
North Coast,Kanyabare,33,May,2018,78,75,17,63,61,3,84,57,13,98,92,5
North Coast,Kanyabare,33,Jun,2018,188,183,61,74,72,4,213,118,39,116,109,5
North Coast,Kanyabare,33,Jul,2018,239,236,55,177,175,5,274,180,42,249,239,7
North Coast,Kanyabare,33,Aug,2018,165,163,0,77,77,2,216,218,0,223,217,4
North Coast,Kanyabare,33,Sep,2018,229,228,26,102,101,2,310,255,30,271,264,6
North Coast,Kanyabare,33,Oct,2018,39,39,7,14,14,0,51,37,7,34,33,1
North Coast,Kanyabare,33,Nov,2018,165,163,21,94,94,2,210,169,22,222,214,6
North Coast,Kanyabare,33,Dec,2018,350,349,133,271,270,9,401,195,74,358,339,11
Plains,Kanyemfya,8,Jan,2018,60,59,15,25,25,0,63,39,10,31,30,1
Plains,Kanyemfya,8,Feb,2018,72,71,28,36,36,0,75,35,13,45,44,1
Plains,Kanyemfya,8,Mar,2018,42,40,16,16,16,0,41,19,8,18,18,0
Plains,Kanyemfya,8,Apr,2018,281,275,100,121,121,1,279,136,49,148,145,2
Plains,Kanyemfya,8,May,2018,104,102,30,55,55,0,106,60,18,70,69,1
Plains,Kanyemfya,8,Jun,2018,73,73,23,41,41,0,79,42,14,51,50,1
Plains,Kanyemfya,8,Jul,2018,-9999,219,78,149,148,2,239,120,43,150,148,1
Plains,Kanyemfya,8,Aug,2018,171,169,41,111,111,1,201,130,32,183,180,2
Plains,Kanyemfya,8,Sep,2018,124,121,42,73,73,1,140,75,26,108,106,1
Plains,Kanyemfya,8,Oct,2018,237,234,86,128,128,2,276,141,52,208,204,2
Plains,Kanyemfya,8,Nov,2018,-9999,45,27,33,33,0,48,13,8,58,57,1
Plains,Kanyemfya,8,Dec,2018,323,310,112,207,206,3,337,175,63,251,245,4
West,Kidobar,95,Jan,2018,98,98,36,59,59,2,92,41,15,42,39,1
West,Kidobar,95,Feb,2018,188,184,48,73,72,2,177,106,27,72,69,2
West,Kidobar,95,Mar,2018,13,13,3,9,9,0,13,8,2,10,9,1
West,Kidobar,95,Apr,2018,415,413,101,304,302,10,402,243,60,273,256,9
West,Kidobar,95,May,2018,83,82,20,55,54,2,82,51,12,51,48,2
West,Kidobar,95,Jun,2018,101,100,34,71,70,2,100,50,17,80,76,3
West,Kidobar,95,Jul,2018,232,230,58,126,125,3,233,141,36,120,115,3
West,Kidobar,95,Aug,2018,230,229,37,168,168,3,230,167,27,198,192,3
West,Kidobar,95,Sep,2018,58,58,17,50,50,1,60,33,10,53,50,2
West,Kidobar,95,Oct,2018,180,178,72,109,108,4,179,78,31,97,91,3
West,Kidobar,95,Nov,2018,502,502,202,378,378,13,476,195,79,333,310,10
West,Kidobar,95,Dec,2018,127,127,75,122,122,6,121,29,17,85,75,4
West,Kidobar,96,Jan,2018,76,75,28,43,43,1,71,32,12,30,28,1
West,Kidobar,96,Feb,2018,NA,107,28,76,76,2,103,61,16,76,72,2
West,Kidobar,96,Mar,2018,96,96,23,59,58,2,92,55,14,63,60,2
West,Kidobar,96,Apr,2018,104,103,25,59,59,2,17,61,15,54,50,2
West,Kidobar,96,May,2018,96,95,23,69,68,3,94,58,14,64,60,2
West,Kidobar,96,Jun,2018,56,56,19,29,29,1,56,28,9,33,31,1
West,Kidobar,96,Jul,2018,170,169,43,120,119,3,172,104,26,116,111,3
West,Kidobar,96,Aug,2018,212,211,34,122,121,2,211,153,25,142,139,2
West,Kidobar,96,Sep,2018,162,162,48,119,119,3,169,93,28,127,121,3
West,Kidobar,96,Oct,2018,387,382,155,353,351,12,385,167,68,314,294,10
West,Kidobar,96,Nov,2018,264,264,107,231,231,8,250,102,41,204,190,6
West,Kidobar,96,Dec,2018,451,450,266,381,380,19,427,102,60,265,235,12
West,Kokam,29,Jan,2018,108,108,36,59,59,1,110,55,19,66,64,1
West,Kokam,29,Feb,2018,110,110,28,78,78,2,115,69,18,94,90,2
West,Kokam,29,Mar,2018,358,357,64,173,171,5,365,256,46,228,219,6
West,Kokam,29,Apr,2018,161,159,35,105,105,2,159,103,23,145,140,3
West,Kokam,29,May,2018,156,156,33,89,89,1,160,105,22,103,100,2
West,Kokam,29,Jun,2018,86,86,26,56,56,1,88,47,15,67,64,2
West,Kokam,29,Jul,2018,301,300,86,237,236,8,52,176,50,228,213,8
West,Kokam,29,Aug,2018,351,350,49,223,222,2,402,311,43,373,368,4
West,Kokam,29,Sep,2018,261,261,59,165,165,2,289,187,43,240,236,2
West,Kokam,29,Oct,2018,127,127,45,80,80,2,138,69,24,102,97,3
West,Kokam,29,Nov,2018,185,184,68,140,140,4,192,91,34,176,167,5
West,Kokam,29,Dec,2018,66,65,30,50,50,1,65,25,11,43,42,0
West,Kokam,30,Jan,2018,96,96,33,42,42,1,97,48,16,47,45,1
West,Kokam,30,Feb,2018,97,96,25,51,51,1,101,61,16,62,59,2
West,Kokam,30,Mar,2018,123,122,22,66,65,2,125,88,16,87,84,2
West,Kokam,30,Apr,2018,135,134,29,62,61,1,133,86,19,85,83,2
West,Kokam,30,May,2018,190,189,40,120,120,2,194,128,27,138,134,2
West,Kokam,30,Jun,2018,42,41,13,19,19,0,42,23,7,23,22,1
West,Kokam,30,Jul,2018,138,138,39,103,103,4,143,81,23,100,93,3
West,Kokam,30,Aug,2018,280,279,39,168,167,2,320,248,34,280,276,3
West,Kokam,30,Sep,2018,702,702,160,441,441,5,776,501,115,641,630,6
West,Kokam,30,Oct,2018,105,104,37,78,78,2,113,57,20,99,94,3
West,Kokam,30,Nov,2018,355,352,131,193,193,5,368,175,65,241,229,7
West,Kokam,30,Dec,2018,480,472,218,332,331,4,476,182,84,290,284,3
West,Kokam,42,Jan,2018,179,179,60,94,93,2,182,91,31,105,102,2
West,Kokam,42,Feb,2018,205,204,53,136,135,3,214,129,33,163,157,4
West,Kokam,42,Mar,2018,53,52,9,25,25,1,53,38,7,33,31,1
West,Kokam,42,Apr,2018,124,123,27,85,85,2,123,79,18,118,114,2
West,Kokam,42,May,2018,151,150,32,99,99,1,153,101,21,114,111,2
West,Kokam,42,Jun,2018,38,38,12,18,18,0,39,21,6,22,21,1
West,Kokam,42,Jul,2018,289,288,83,252,252,9,299,169,48,244,227,8
West,Kokam,42,Aug,2018,322,322,45,202,201,2,369,285,39,338,333,4
West,Kokam,42,Sep,2018,117,117,27,86,86,1,130,84,19,124,122,1
West,Kokam,42,Oct,2018,244,244,86,155,155,5,265,133,46,196,186,5
West,Kokam,42,Nov,2018,138,136,51,107,107,3,142,68,25,134,127,4
West,Kokam,42,Dec,2018,301,296,136,258,258,3,298,114,53,226,220,3
West,Kokam,52,Jan,3018,46,46,15,17,16,0,47,24,8,18,18,1
West,Kokam,52,Feb,3018,71,71,18,45,45,1,74,44,12,55,53,1
West,Kokam,52,Mar,3018,157,156,28,84,83,2,159,112,20,110,106,3
West,Kokam,52,Apr,3018,73,73,16,38,38,1,73,47,10,53,51,1
West,Kokam,52,May,3018,45,45,10,29,29,0,46,30,6,34,33,1
West,Kokam,52,Jun,3018,129,128,40,109,108,3,132,71,22,129,123,4
West,Kokam,52,Jul,3018,137,137,39,115,115,4,142,80,23,112,104,4
West,Kokam,52,Aug,3018,355,355,49,246,246,3,407,314,44,413,406,4
West,Kokam,52,Sep,3018,105,106,24,63,63,1,117,75,17,91,89,1
West,Kokam,52,Oct,3018,265,264,93,173,172,5,287,144,51,218,208,6
West,Kokam,52,Nov,3018,135,134,49,88,88,3,140,67,25,111,105,3
West,Kokam,52,Dec,3018,239,234,108,210,209,3,236,91,42,183,179,2
West,Kokam,92,Jan,2018,91,92,31,71,70,1,93,46,15,79,77,2
West,Kokam,92,Feb,2018,149,149,39,106,106,2,156,93,24,128,123,3
West,Kokam,92,Mar,2018,99,99,17,56,55,1,101,71,13,73,71,2
West,Kokam,92,Apr,2018,132,131,29,60,60,1,131,85,18,84,81,2
West,Kokam,92,May,2018,60,60,13,32,32,0,62,41,8,37,36,1
West,Kokam,92,Jun,2018,329,328,101,200,199,6,336,180,56,237,226,6
West,Kokam,92,Jul,2018,237,236,68,180,180,6,244,138,39,174,162,6
West,Kokam,92,Aug,2018,204,204,28,125,124,1,233,180,25,208,206,2
West,Kokam,92,Sep,2018,227,226,52,145,145,2,250,162,37,210,206,2
West,Kokam,92,Oct,2018,155,155,54,121,121,4,168,84,30,154,146,4
West,Kokam,92,Nov,2018,331,329,122,227,227,6,343,163,60,283,269,8
West,Kokam,92,Dec,2018,235,230,107,194,193,2,232,89,41,169,166,2
North Coast,Lalaba,15,Jan,2018,78,78,45,80,80,2,75,19,11,64,61,1
North Coast,Lalaba,15,Feb,2018,70,70,33,58,58,2,67,23,11,59,56,1
North Coast,Lalaba,15,Mar,2018,54,53,23,32,32,1,52,21,9,35,33,1
North Coast,Lalaba,15,Apr,2018,NA,72,26,47,47,1,69,33,11,59,57,1
North Coast,Lalaba,15,May,2018,168,168,55,91,91,3,164,82,27,126,120,3
North Coast,Lalaba,15,Jun,2018,51,51,18,14,14,0,8,24,9,16,16,0
North Coast,Lalaba,15,Jul,2018,90,90,27,31,30,1,91,49,15,32,31,1
North Coast,Lalaba,15,Aug,2018,159,159,25,79,79,1,182,136,21,133,130,2
North Coast,Lalaba,15,Sep,2018,279,279,91,180,180,2,309,164,54,260,255,3
North Coast,Lalaba,15,Oct,2018,237,237,84,186,186,1,258,129,45,253,251,1
North Coast,Lalaba,15,Nov,2018,396,395,155,203,202,3,403,179,70,243,238,3
North Coast,Lalaba,15,Dec,2018,349,349,220,345,345,3,341,74,47,256,251,2
North Coast,Lalaba,47,Jan,2018,159,158,91,115,115,3,152,39,23,92,87,2
North Coast,Lalaba,47,Feb,2018,87,87,41,34,33,1,84,29,14,34,33,1
North Coast,Lalaba,47,Mar,2018,148,148,63,106,106,3,145,57,25,116,109,4
North Coast,Lalaba,47,Apr,2018,70,70,24,43,43,1,66,31,11,54,52,1
North Coast,Lalaba,47,May,2018,53,53,17,28,28,1,52,26,9,39,37,1
North Coast,Lalaba,47,Jun,2018,92,92,33,63,63,0,92,43,16,76,75,1
North Coast,Lalaba,47,Jul,2018,360,359,109,231,230,5,364,196,60,242,232,6
North Coast,Lalaba,47,Aug,2018,135,135,20,78,77,1,153,115,18,129,127,2
North Coast,Lalaba,47,Sep,2018,393,392,129,262,262,3,435,231,76,378,371,4
North Coast,Lalaba,47,Oct,2018,103,103,36,81,81,0,112,56,20,110,109,1
North Coast,Lalaba,47,Nov,2018,661,660,258,475,474,6,672,298,117,570,558,7
North Coast,Lalaba,47,Dec,2018,131,131,82,95,95,1,128,28,18,70,69,0
North Coast,Lalaba,53,Jan,2018,219,219,126,176,175,5,211,54,31,141,134,3
North Coast,Lalaba,53,Feb,2018,213,213,102,151,150,4,205,70,33,153,147,3
North Coast,Lalaba,53,Mar,2018,58,58,25,20,20,0,57,22,10,22,21,1
North Coast,Lalaba,53,Apr,2018,227,226,79,135,134,3,216,102,36,166,160,4
North Coast,Lalaba,53,May,2018,89,89,29,62,62,2,86,43,14,87,83,2
North Coast,Lalaba,53,Jun,2018,51,51,18,26,26,0,51,24,9,32,31,1
North Coast,Lalaba,53,Jul,2018,564,562,171,365,364,9,571,308,94,382,365,9
North Coast,Lalaba,53,Aug,2018,105,105,16,69,68,1,120,90,14,114,112,2
North Coast,Lalaba,53,Sep,2018,250,250,82,150,150,2,278,148,48,216,212,2
North Coast,Lalaba,53,Oct,2018,99,99,35,66,66,0,108,54,19,89,88,1
North Coast,Lalaba,53,Nov,2018,619,618,242,415,414,6,629,279,109,499,488,6
North Coast,Lalaba,53,Dec,2018,85,85,54,87,87,1,83,18,11,64,63,0
North Coast,Lalaba,60,Jan,2018,169,168,97,138,137,3,162,42,24,110,105,3
North Coast,Lalaba,60,Feb,2018,269,268,129,188,187,5,258,88,42,192,184,4
North Coast,Lalaba,60,Mar,2018,140,140,60,88,87,3,137,54,23,95,90,3
North Coast,Lalaba,60,Apr,2018,184,184,64,93,92,2,176,83,29,114,110,3
North Coast,Lalaba,60,May,2018,91,91,30,54,54,1,89,45,14,74,71,2
North Coast,Lalaba,60,Jun,2018,92,91,33,47,47,0,91,43,16,57,56,1
North Coast,Lalaba,60,Jul,2018,74,74,23,55,54,1,76,41,12,57,55,2
North Coast,Lalaba,60,Aug,2018,356,355,55,226,226,3,405,304,47,378,369,6
North Coast,Lalaba,60,Sep,2018,282,282,92,182,181,2,313,166,55,262,258,3
North Coast,Lalaba,60,Oct,2018,273,273,96,198,198,1,297,148,53,268,266,1
North Coast,Lalaba,60,Nov,2018,95,94,37,44,44,0,96,43,17,53,52,1
North Coast,Lalaba,60,Dec,2018,60,59,38,54,54,1,58,13,8,41,40,0
North Coast,Lalaba,94,Jan,2018,66,67,38,55,55,1,64,16,9,44,42,1
North Coast,Lalaba,94,Feb,2018,162,161,77,85,84,2,155,53,26,86,83,2
North Coast,Lalaba,94,Mar,2018,65,65,27,39,38,1,63,25,11,42,40,2
North Coast,Lalaba,94,Apr,2018,87,88,30,44,44,1,84,39,14,54,52,1
North Coast,Lalaba,94,May,2018,131,130,43,74,74,2,127,64,21,103,98,3
North Coast,Lalaba,94,Jun,2018,177,177,64,125,125,1,176,82,30,153,150,2
North Coast,Lalaba,94,Jul,2018,38,37,12,27,27,0,38,21,6,28,27,1
North Coast,Lalaba,94,Aug,2018,323,323,50,207,207,3,368,276,42,346,338,5
North Coast,Lalaba,94,Sep,2018,347,347,114,211,211,2,385,204,67,306,300,4
North Coast,Lalaba,94,Oct,2018,107,107,38,55,55,0,117,59,20,75,74,1
North Coast,Lalaba,94,Nov,2018,154,154,60,104,104,1,157,70,27,126,123,2
North Coast,Lalaba,94,Dec,2018,182,182,115,140,140,1,178,39,24,104,102,1
East,Lamanya,7,Jan,2018,223,223,26,152,152,4,222,175,21,161,153,4
East,Lamanya,7,Feb,2018,110,110,13,71,71,2,111,87,11,89,85,2
East,Lamanya,7,Mar,2018,124,124,18,71,71,2,121,90,13,94,89,3
East,Lamanya,7,Apr,2018,227,227,19,159,159,3,218,183,16,198,191,4
East,Lamanya,7,May,2018,10,10,1,8,7,0,11,9,1,10,10,1
East,Lamanya,7,Jun,2018,137,137,7,74,74,3,139,125,7,114,106,5
East,Lamanya,7,Jul,2018,327,328,47,195,195,9,356,270,38,264,244,11
East,Lamanya,7,Aug,2018,273,274,38,146,146,9,305,233,33,250,228,13
East,Lamanya,7,Sep,2018,317,310,104,235,231,10,344,185,62,350,329,15
East,Lamanya,7,Oct,2018,231,227,63,172,172,7,250,149,42,238,223,8
East,Lamanya,7,Nov,2018,341,341,89,196,195,10,358,214,55,282,260,13
East,Lamanya,7,Dec,2018,180,180,75,114,115,7,177,72,30,106,93,5
East,Lamanya,22,Jan,2018,130,130,16,87,87,2,130,102,12,92,88,2
East,Lamanya,22,Feb,2018,157,157,20,66,66,2,159,124,15,83,79,2
East,Lamanya,22,Mar,2018,61,61,9,22,22,1,60,45,6,29,27,1
East,Lamanya,22,Apr,2018,-9999,140,12,83,83,2,133,112,9,103,99,2
East,Lamanya,22,May,2018,72,72,6,45,45,2,74,63,5,62,58,2
East,Lamanya,22,Jun,2018,65,65,4,29,29,1,67,60,3,45,42,2
East,Lamanya,22,Jul,2018,109,109,15,75,75,4,118,90,13,101,93,4
East,Lamanya,22,Aug,2018,135,135,19,76,76,5,150,115,16,131,119,7
East,Lamanya,22,Sep,2018,178,174,58,103,101,5,193,104,35,154,145,6
East,Lamanya,22,Oct,2018,390,382,107,213,213,8,421,252,70,294,275,11
East,Lamanya,22,Nov,2018,152,152,39,100,100,5,159,95,25,145,133,7
East,Lamanya,22,Dec,2018,167,167,69,159,159,9,164,67,28,146,129,8
Central,Laoye,1,Jan,2018,131,129,16,67,66,1,144,115,15,98,96,2
Central,Laoye,1,Feb,2018,115,113,21,47,47,0,124,89,16,68,67,1
Central,Laoye,1,Mar,2018,165,161,39,121,120,3,190,125,30,170,165,3
Central,Laoye,1,Apr,2018,114,111,25,60,59,2,125,84,19,66,63,2
Central,Laoye,1,May,2018,179,174,37,111,110,2,195,135,28,132,129,2
Central,Laoye,1,Jun,2018,250,244,66,115,114,3,293,183,50,157,151,4
Central,Laoye,1,Jul,2018,154,152,16,101,100,1,176,146,16,146,144,2
Central,Laoye,1,Aug,2018,77,76,7,54,54,0,94,81,7,101,100,1
Central,Laoye,1,Sep,2018,384,381,35,237,236,2,474,404,38,445,439,5
Central,Laoye,1,Oct,2018,339,332,10,178,175,3,429,414,12,385,378,7
Central,Laoye,1,Nov,2018,58,347,5,190,189,2,423,417,5,386,380,5
Central,Laoye,1,Dec,2018,166,163,25,102,101,1,188,144,22,157,155,2
Central,Laoye,37,Jan,2018,113,111,14,62,61,1,125,100,13,90,88,2
Central,Laoye,37,Feb,2018,86,84,16,51,51,1,93,67,12,75,73,1
Central,Laoye,37,Mar,2018,112,110,27,49,49,1,130,85,20,69,67,1
Central,Laoye,37,Apr,2018,50,49,11,37,37,1,55,36,9,41,39,1
Central,Laoye,37,May,2018,56,54,11,40,40,1,60,42,9,48,46,1
Central,Laoye,37,Jun,2018,81,79,21,51,51,1,95,60,16,70,67,2
Central,Laoye,37,Jul,2018,76,75,8,42,42,0,86,71,8,60,59,1
Central,Laoye,37,Aug,2018,154,153,13,98,98,1,188,162,14,183,180,2
Central,Laoye,37,Sep,2018,432,428,40,248,247,2,532,454,42,467,461,5
Central,Laoye,37,Oct,2018,656,643,19,337,332,6,831,802,23,729,715,13
Central,Laoye,37,Nov,2018,166,164,2,90,89,1,200,197,3,182,179,3
Central,Laoye,37,Dec,2018,177,174,27,117,117,1,201,153,24,181,178,2
Central,Laoye,68,Jan,2018,54,53,7,30,30,0,60,48,6,45,44,1
Central,Laoye,68,Feb,2018,146,143,26,82,81,1,157,113,21,118,117,1
Central,Laoye,68,Mar,2018,31,30,7,15,15,0,35,23,6,22,21,1
Central,Laoye,68,Apr,2018,215,210,48,99,97,3,236,157,36,109,105,3
Central,Laoye,68,May,2018,55,53,11,28,28,0,59,41,9,34,33,1
Central,Laoye,68,Jun,2018,126,123,33,91,90,2,148,93,25,123,119,3
Central,Laoye,68,Jul,2018,237,234,25,175,174,2,270,224,24,253,249,3
Central,Laoye,68,Aug,2018,22,21,2,12,12,0,26,23,2,22,22,0
Central,Laoye,68,Sep,2018,145,144,13,72,71,1,178,152,14,134,133,1
Central,Laoye,68,Oct,2018,185,182,5,107,106,2,235,226,7,232,227,4
Central,Laoye,68,Nov,2018,375,372,5,248,246,3,76,446,5,502,494,7
Central,Laoye,68,Dec,2018,389,384,59,233,232,2,443,337,52,359,354,4
North Coast,Lastouni,63,Jan,2018,212,212,95,139,139,2,209,79,35,118,114,2
North Coast,Lastouni,63,Feb,2018,186,186,74,160,160,2,184,78,32,170,165,3
North Coast,Lastouni,63,Mar,2018,38,37,16,31,31,0,36,15,6,35,34,1
North Coast,Lastouni,63,Apr,2018,95,95,37,54,54,1,93,40,16,66,64,1
North Coast,Lastouni,63,May,2018,136,135,54,66,67,1,135,59,23,83,79,2
North Coast,Lastouni,63,Jun,2018,80,80,34,48,48,1,82,34,14,58,55,2
North Coast,Lastouni,63,Jul,2018,94,94,28,61,61,1,95,52,15,55,53,1
North Coast,Lastouni,63,Aug,2018,243,243,28,125,125,1,297,242,27,232,228,3
North Coast,Lastouni,63,Sep,2018,340,340,123,214,214,2,429,225,81,345,339,4
North Coast,Lastouni,63,Oct,2018,334,334,139,268,267,3,395,181,75,351,346,3
North Coast,Lastouni,63,Nov,2018,158,158,75,124,124,2,169,64,30,157,153,2
North Coast,Lastouni,63,Dec,2018,328,328,176,266,266,3,320,94,50,234,229,2
East,Mabangata,13,Jan,2018,151,150,62,76,76,2,147,61,25,72,69,1
East,Mabangata,13,Feb,2018,116,115,44,62,62,1,112,50,19,59,57,1
East,Mabangata,13,Mar,2018,68,67,21,51,50,1,66,35,11,54,53,1
East,Mabangata,13,Apr,2018,144,143,51,88,87,1,145,70,25,94,92,2
East,Mabangata,13,May,2018,53,52,19,51,50,1,53,26,9,53,51,2
East,Mabangata,13,Jun,2018,117,116,46,95,94,3,120,54,21,94,90,2
East,Mabangata,13,Jul,2018,117,116,56,83,82,1,120,44,21,55,54,1
East,Mabangata,13,Aug,2018,280,279,112,168,168,1,293,130,52,165,163,1
East,Mabangata,13,Sep,2018,298,298,152,252,252,2,303,100,51,199,195,2
East,Mabangata,13,Oct,2018,68,67,37,63,63,1,67,20,11,50,48,1
East,Mabangata,13,Nov,2018,268,262,147,219,217,4,259,76,42,191,185,4
East,Mabangata,13,Dec,2018,104,102,54,79,79,1,107,36,19,68,66,1
East,Mabangata,50,Jan,2018,90,90,37,81,81,2,88,36,15,77,74,1
East,Mabangata,50,Feb,2018,37,37,14,22,22,1,36,16,6,21,20,0
East,Mabangata,50,Mar,2018,53,53,16,32,32,0,52,27,9,34,33,1
East,Mabangata,50,Apr,2018,155,154,55,86,86,1,157,76,27,93,90,2
East,Mabangata,50,May,2018,72,71,26,60,59,2,74,36,13,62,59,2
East,Mabangata,50,Jun,2018,98,97,39,78,77,2,102,46,18,77,74,2
East,Mabangata,50,Jul,2018,-9999,112,53,91,91,1,115,42,20,61,59,1
East,Mabangata,50,Aug,2018,34,33,14,27,27,0,35,16,6,26,26,0
East,Mabangata,50,Sep,2018,83,82,43,65,65,1,84,28,14,51,50,0
East,Mabangata,50,Oct,2018,200,198,108,144,143,2,197,59,32,112,109,2
East,Mabangata,50,Nov,2018,332,326,182,291,289,5,322,94,52,255,247,5
East,Mabangata,50,Dec,2018,NA,226,121,179,178,3,238,78,42,155,150,3
East,Mabangata,74,Jan,2018,174,172,71,100,100,2,168,70,29,95,91,2
East,Mabangata,74,Feb,2018,302,300,114,182,182,3,293,131,50,173,167,3
East,Mabangata,74,Mar,2018,43,43,13,17,17,0,42,22,7,19,18,1
East,Mabangata,74,Apr,2018,76,75,27,58,57,1,76,37,13,62,61,1
East,Mabangata,74,May,2018,31,30,11,13,12,0,31,15,6,13,13,1
East,Mabangata,74,Jun,2018,55,54,22,36,36,1,57,26,10,36,34,1
East,Mabangata,74,Jul,2018,62,62,29,42,42,1,10,23,11,28,27,0
East,Mabangata,74,Aug,2018,198,196,79,149,149,1,34,92,37,147,145,1
East,Mabangata,74,Sep,2018,558,557,284,552,551,5,566,187,96,435,427,4
East,Mabangata,74,Oct,2018,268,266,144,144,143,2,264,79,43,112,109,2
East,Mabangata,74,Nov,2018,278,273,152,218,216,4,270,79,44,191,185,4
East,Mabangata,74,Dec,2018,296,291,156,225,224,4,306,101,54,195,189,3
North Coast,Madinbinda,61,Jan,2018,39,38,11,15,15,0,38,22,6,16,16,0
North Coast,Madinbinda,61,Feb,2018,40,41,12,30,30,0,41,22,6,35,35,0
North Coast,Madinbinda,61,Mar,2018,46,46,12,22,22,0,47,28,7,28,28,0
North Coast,Madinbinda,61,Apr,2018,90,90,10,46,45,0,94,76,8,74,74,1
North Coast,Madinbinda,61,May,2018,105,105,11,60,60,0,114,93,10,102,102,0
North Coast,Madinbinda,61,Jun,2018,40,40,8,14,14,0,42,28,6,17,17,0
North Coast,Madinbinda,61,Jul,2018,326,326,144,281,281,3,330,129,57,212,207,2
North Coast,Madinbinda,61,Aug,2018,240,240,66,152,152,1,257,150,41,197,194,2
North Coast,Madinbinda,61,Sep,2018,326,324,121,246,245,5,341,162,60,299,290,5
North Coast,Madinbinda,61,Oct,2018,NA,361,83,269,269,3,364,229,53,322,315,4
North Coast,Madinbinda,61,Nov,2018,307,306,86,204,203,2,306,173,48,243,240,2
North Coast,Madinbinda,61,Dec,2018,187,187,77,128,127,2,183,75,31,106,104,1
Plains,Makabondo,77,Jan,2018,298,296,127,80,79,2,293,118,50,64,62,1
Plains,Makabondo,77,Feb,2018,281,279,120,237,236,6,281,114,49,233,223,5
Plains,Makabondo,77,Mar,2018,173,172,68,91,90,3,176,78,31,89,85,2
Plains,Makabondo,77,Apr,2018,176,174,77,132,132,3,174,69,30,134,129,2
Plains,Makabondo,77,May,2018,49,49,23,28,28,1,55,22,10,30,28,1
Plains,Makabondo,77,Jun,2018,43,42,19,30,30,1,43,17,8,28,26,1
Plains,Makabondo,77,Jul,2018,31,31,15,28,27,1,31,11,5,16,16,0
Plains,Makabondo,77,Aug,2018,93,92,46,68,68,1,96,34,17,61,60,0
Plains,Makabondo,77,Sep,2018,150,150,73,105,105,2,149,51,25,82,79,1
Plains,Makabondo,77,Oct,2018,291,291,137,283,282,2,284,100,47,208,205,2
Plains,Makabondo,77,Nov,2018,121,121,56,91,91,1,119,43,20,79,78,0
Plains,Makabondo,77,Dec,2018,173,172,69,114,114,1,173,75,30,94,92,1
North Coast,Malemkolela,17,Jan,2018,125,125,29,29,29,0,147,95,23,42,42,0
North Coast,Malemkolela,17,Feb,2018,205,204,42,101,101,1,232,158,33,147,145,1
North Coast,Malemkolela,17,Mar,2018,90,89,6,55,55,0,97,87,5,87,86,1
North Coast,Malemkolela,17,Apr,2018,91,91,2,46,46,0,96,91,3,79,79,0
North Coast,Malemkolela,17,May,2018,128,128,11,58,58,0,140,118,11,103,102,1
North Coast,Malemkolela,17,Jun,2018,201,201,48,145,145,1,216,136,32,122,121,0
North Coast,Malemkolela,17,Jul,2018,223,222,59,163,162,0,242,145,39,180,180,1
North Coast,Malemkolela,17,Aug,2018,28,27,4,9,9,0,35,28,4,19,19,0
North Coast,Malemkolela,17,Sep,2018,214,212,29,86,85,1,269,213,29,195,194,1
North Coast,Malemkolela,17,Oct,2018,316,315,37,151,151,1,394,321,37,345,343,1
North Coast,Malemkolela,17,Nov,2018,196,196,1,102,102,0,232,230,1,240,239,1
North Coast,Malemkolela,17,Dec,2018,288,287,39,205,204,1,312,241,33,266,265,1
North Coast,Malemkolela,66,Jan,2018,118,118,28,46,46,0,139,90,21,67,67,0
North Coast,Malemkolela,66,Feb,2018,121,120,25,61,61,0,137,94,19,89,88,1
North Coast,Malemkolela,66,Mar,2018,94,94,6,38,38,0,101,90,5,61,60,1
North Coast,Malemkolela,66,Apr,2018,35,34,1,14,14,0,36,35,1,24,24,0
North Coast,Malemkolela,66,May,2018,104,104,9,45,45,0,114,96,9,81,80,1
North Coast,Malemkolela,66,Jun,2018,133,132,32,106,105,1,142,90,21,89,89,0
North Coast,Malemkolela,66,Jul,2018,62,62,17,33,33,0,68,40,11,36,36,0
North Coast,Malemkolela,66,Aug,2018,354,350,51,153,152,1,451,353,51,303,300,3
North Coast,Malemkolela,66,Sep,2018,240,238,32,135,134,1,302,239,33,309,307,2
North Coast,Malemkolela,66,Oct,2018,309,308,36,149,149,1,386,314,37,340,338,1
North Coast,Malemkolela,66,Nov,2018,159,159,1,59,59,0,188,186,1,138,138,0
North Coast,Malemkolela,66,Dec,2018,165,165,22,123,122,0,179,138,19,159,159,1
East,Marandre,36,Jan,2018,0,1,0,0,0,0,1,0,0,0,0,0
East,Marandre,36,Feb,2018,185,181,73,106,103,2,191,87,35,139,137,3
East,Marandre,36,Mar,2018,120,116,59,92,88,4,123,45,23,116,112,4
East,Marandre,36,Apr,2018,51,48,24,25,23,2,51,20,10,35,33,2
East,Marandre,36,May,2018,153,148,35,90,86,3,159,105,24,140,136,5
East,Marandre,36,Jun,2018,96,94,12,63,61,2,98,78,10,74,72,2
East,Marandre,36,Jul,2018,183,181,26,158,156,2,191,146,21,157,155,2
East,Marandre,36,Aug,2018,142,141,22,86,85,1,172,131,20,170,169,1
East,Marandre,36,Sep,2018,391,389,117,231,231,1,458,264,79,383,380,2
East,Marandre,36,Oct,2018,258,257,64,163,163,1,277,172,42,241,239,1
East,Marandre,36,Nov,2018,NA,226,56,147,146,1,248,155,39,225,224,1
East,Marandre,36,Dec,2018,27,163,74,106,105,1,184,76,35,136,134,2
East,Marandre,89,Jan,2018,96,93,34,71,69,2,104,54,19,87,84,3
East,Marandre,89,Feb,2018,68,67,27,50,48,1,71,32,13,65,65,1
East,Marandre,89,Mar,2018,101,98,50,50,47,2,104,38,19,62,61,2
East,Marandre,89,Apr,2018,32,31,15,18,16,1,33,13,6,25,24,2
East,Marandre,89,May,2018,53,52,12,32,30,1,55,36,8,49,48,2
East,Marandre,89,Jun,2018,26,26,3,11,10,0,27,21,3,12,12,1
East,Marandre,89,Jul,2018,387,381,55,282,279,4,402,308,45,279,275,3
East,Marandre,89,Aug,2018,246,244,37,134,133,1,298,228,35,265,263,2
East,Marandre,89,Sep,2018,296,294,89,176,175,1,347,200,60,290,289,1
East,Marandre,89,Oct,2018,NA,414,102,264,263,1,NA,276,68,388,386,2
East,Marandre,89,Nov,2018,262,260,64,141,140,1,283,177,44,217,216,1
East,Marandre,89,Dec,2018,177,175,80,85,84,1,198,82,38,109,107,2
North Coast,Mbidima,38,Jan,2018,82,80,34,17,17,0,90,41,17,23,23,0
North Coast,Mbidima,38,Feb,2018,72,72,30,53,53,0,74,31,13,64,64,0
North Coast,Mbidima,38,Mar,2018,51,51,15,33,33,0,52,28,9,42,42,0
North Coast,Mbidima,38,Apr,2018,24,24,10,6,6,0,26,11,5,8,8,0
North Coast,Mbidima,38,May,2018,114,112,39,77,76,0,114,57,20,90,90,1
North Coast,Mbidima,38,Jun,2018,121,118,45,28,27,0,123,59,22,28,28,1
North Coast,Mbidima,38,Jul,2018,92,91,29,66,65,1,100,55,17,86,85,1
North Coast,Mbidima,38,Aug,2018,291,288,44,140,140,1,360,277,42,312,309,2
North Coast,Mbidima,38,Sep,2018,NA,359,68,139,138,0,435,310,59,313,313,1
North Coast,Mbidima,38,Oct,2018,26,156,32,109,109,2,195,136,28,200,195,3
North Coast,Mbidima,38,Nov,2018,50,50,12,33,33,1,62,41,9,57,55,1
North Coast,Mbidima,38,Dec,2018,45,44,14,27,27,0,48,27,8,30,30,0
North Coast,Mbidima,76,Jan,2018,72,70,30,14,14,0,79,36,15,20,20,0
North Coast,Mbidima,76,Feb,2018,102,102,43,57,57,0,104,43,18,70,70,0
North Coast,Mbidima,76,Mar,2018,110,110,33,67,67,0,112,61,18,86,86,0
North Coast,Mbidima,76,Apr,2018,53,53,22,35,35,0,57,25,10,43,43,0
North Coast,Mbidima,76,May,2018,113,111,38,56,56,0,113,57,20,66,66,0
North Coast,Mbidima,76,Jun,2018,89,87,33,49,48,0,91,44,16,50,50,1
North Coast,Mbidima,76,Jul,2018,116,115,36,60,60,1,127,70,22,80,78,1
North Coast,Mbidima,76,Aug,2018,13,12,2,5,5,0,15,12,2,10,10,0
North Coast,Mbidima,76,Sep,2018,292,291,55,158,158,0,352,250,48,357,356,1
North Coast,Mbidima,76,Oct,2018,212,210,43,134,133,2,261,183,37,244,239,4
North Coast,Mbidima,76,Nov,2018,399,396,91,195,195,3,488,325,75,330,321,6
North Coast,Mbidima,76,Dec,2018,243,241,75,218,217,0,263,145,45,241,241,1
North Coast,Mbidima,84,Jan,2018,37,36,15,24,24,0,40,18,8,33,32,1
North Coast,Mbidima,84,Feb,2018,88,88,37,56,56,0,90,37,16,69,69,0
North Coast,Mbidima,84,Mar,2018,102,101,30,47,47,0,103,57,17,60,60,0
North Coast,Mbidima,84,Apr,2018,88,87,36,80,79,0,93,41,17,96,96,1
North Coast,Mbidima,84,May,2018,35,34,12,15,15,0,35,18,6,18,18,0
North Coast,Mbidima,84,Jun,2018,8,49,19,30,29,0,51,24,9,30,30,1
North Coast,Mbidima,84,Jul,2018,315,311,98,186,184,2,343,189,60,244,241,3
North Coast,Mbidima,84,Aug,2018,164,163,25,61,61,0,204,156,24,136,135,1
North Coast,Mbidima,84,Sep,2018,221,220,42,94,93,0,267,190,36,211,211,1
North Coast,Mbidima,84,Oct,2018,189,187,39,99,99,1,233,163,33,181,177,3
North Coast,Mbidima,84,Nov,2018,318,315,72,163,162,3,388,259,60,275,268,5
North Coast,Mbidima,84,Dec,2018,68,68,21,57,57,0,74,40,13,63,63,0
Central,Mbono,10,Jan,2018,104,92,36,35,32,11,144,86,34,76,51,17
Central,Mbono,10,Feb,2018,194,171,81,133,117,27,275,147,70,260,202,47
Central,Mbono,10,Mar,2018,171,158,74,60,57,5,229,114,54,102,93,7
Central,Mbono,10,Apr,2018,158,151,38,128,125,8,182,120,31,161,147,9
Central,Mbono,10,May,2018,26,24,7,17,16,2,33,22,6,23,20,2
Central,Mbono,10,Jun,2018,125,118,22,67,63,8,152,116,21,101,87,10
Central,Mbono,10,Jul,2018,383,351,47,189,174,20,492,420,57,412,364,43
Central,Mbono,10,Aug,2018,168,152,20,99,93,11,256,222,30,242,211,26
Central,Mbono,10,Sep,2018,81,72,1,41,36,6,132,139,1,132,111,20
Central,Mbono,10,Oct,2018,163,151,12,64,60,7,54,298,23,270,241,26
Central,Mbono,10,Nov,2018,138,129,17,66,61,9,244,209,27,248,211,33
Central,Mbono,10,Dec,2018,86,76,0,49,42,9,130,139,1,111,90,19
Central,Mbono,41,Jan,2018,27,24,9,12,11,3,38,23,9,25,17,6
Central,Mbono,41,Feb,2018,56,49,24,34,30,7,80,43,20,67,52,12
Central,Mbono,41,Mar,2018,137,127,60,61,58,5,184,91,43,103,94,7
Central,Mbono,41,Apr,2018,185,176,45,126,123,8,213,141,36,160,146,9
Central,Mbono,41,May,2018,136,127,36,110,105,11,172,113,32,148,128,14
Central,Mbono,41,Jun,2018,10,10,2,2,2,0,12,9,1,2,2,0
Central,Mbono,41,Jul,2018,74,67,9,45,41,5,94,81,11,97,86,10
Central,Mbono,41,Aug,2018,170,154,21,99,93,11,259,224,30,241,210,26
Central,Mbono,41,Sep,2018,222,198,1,102,89,16,363,383,3,330,277,50
Central,Mbono,41,Oct,2018,50,46,4,25,24,3,99,92,7,108,96,10
Central,Mbono,41,Nov,2018,76,72,9,35,32,5,136,116,15,130,111,17
Central,Mbono,41,Dec,2018,96,84,0,70,61,13,144,155,1,158,127,27
Central,Mbono,64,Jan,2018,23,21,8,9,8,3,33,19,8,19,13,4
Central,Mbono,64,Feb,2018,44,39,18,15,14,3,63,34,16,30,23,5
Central,Mbono,64,Mar,2018,63,58,27,27,26,2,84,42,20,46,42,3
Central,Mbono,64,Apr,2018,164,156,40,84,82,5,189,125,32,107,98,6
Central,Mbono,64,May,2018,26,24,7,24,23,2,32,21,6,32,28,3
Central,Mbono,64,Jun,2018,108,102,19,68,65,8,131,100,18,103,88,10
Central,Mbono,64,Jul,2018,114,104,14,66,61,7,146,125,17,144,127,15
Central,Mbono,64,Aug,2018,237,215,29,95,90,11,362,313,42,233,203,24
Central,Mbono,64,Sep,2018,256,228,2,131,114,21,418,441,3,422,354,64
Central,Mbono,64,Oct,2018,17,95,7,57,53,6,201,187,15,241,215,24
Central,Mbono,64,Nov,2018,237,222,29,105,98,15,422,362,46,395,335,52
Central,Mbono,64,Dec,2018,230,202,1,138,120,25,345,369,3,313,252,54
Central,Mbono,82,Jan,2018,69,61,24,30,28,9,96,57,23,66,44,15
Central,Mbono,82,Feb,2018,145,127,61,102,90,21,205,110,52,200,155,36
Central,Mbono,82,Mar,2018,103,95,45,38,36,3,137,68,32,64,58,5
Central,Mbono,82,Apr,2018,18,17,4,10,10,0,21,14,4,12,11,1
Central,Mbono,82,May,2018,82,77,22,45,43,4,105,69,19,61,53,6
Central,Mbono,82,Jun,2018,13,12,2,8,8,1,15,12,2,12,10,1
Central,Mbono,82,Jul,2018,182,166,23,78,73,8,234,200,27,172,151,18
Central,Mbono,82,Aug,2018,266,241,33,140,132,16,406,351,47,343,299,36
Central,Mbono,82,Sep,2018,433,386,3,175,152,27,705,744,5,562,472,86
Central,Mbono,82,Oct,2018,126,117,9,63,59,7,248,230,18,265,236,26
Central,Mbono,82,Nov,2018,227,212,27,115,107,16,403,346,45,432,367,57
Central,Mbono,82,Dec,2018,213,187,1,132,115,24,319,342,2,300,241,52
Central,Mbono,99,Jan,2018,64,57,23,27,24,8,90,53,21,57,39,13
Central,Mbono,99,Feb,2018,123,108,51,76,67,15,175,94,45,149,116,27
Central,Mbono,99,Mar,2018,321,297,139,145,138,11,430,214,101,248,226,18
Central,Mbono,99,Apr,2018,232,221,56,147,143,9,267,177,45,185,169,11
Central,Mbono,99,May,2018,0,0,0,0,0,0,0,0,0,0,0,0
Central,Mbono,99,Jun,2018,NA,23,5,13,12,1,30,23,4,19,17,2
Central,Mbono,99,Jul,2018,222,204,27,125,116,14,286,244,33,274,241,28
Central,Mbono,99,Aug,2018,305,276,37,176,166,20,466,404,54,430,374,46
Central,Mbono,99,Sep,2018,204,182,1,66,57,10,332,350,3,213,179,33
Central,Mbono,99,Oct,2018,100,92,7,36,34,4,196,183,14,150,134,14
Central,Mbono,99,Nov,2018,137,128,17,61,56,9,243,208,27,228,194,30
Central,Mbono,99,Dec,2018,330,289,2,195,169,36,494,530,3,442,357,75
Central,Namaba,83,Jan,2018,167,166,67,87,87,0,176,78,32,99,99,0
Central,Namaba,83,Feb,2018,50,49,25,21,21,0,50,17,9,25,25,0
Central,Namaba,83,Mar,2018,68,68,21,42,42,0,67,35,11,53,53,0
Central,Namaba,83,Apr,2018,38,37,7,17,17,0,38,27,5,29,29,0
Central,Namaba,83,May,2018,166,165,28,72,72,1,175,127,21,112,110,1
Central,Namaba,83,Jun,2018,96,95,19,63,63,0,102,70,14,86,86,0
Central,Namaba,83,Jul,2018,65,65,11,42,42,0,68,48,9,44,44,0
Central,Namaba,83,Aug,2018,229,228,18,129,129,0,265,229,19,238,237,1
Central,Namaba,83,Sep,2018,386,385,121,220,219,0,419,228,71,296,296,1
Central,Namaba,83,Oct,2018,236,235,98,189,188,1,243,103,43,229,228,1
Central,Namaba,83,Nov,2018,501,499,143,302,301,2,524,298,85,418,414,3
Central,Namaba,83,Dec,2018,333,333,131,258,258,1,328,141,56,239,238,0
Central,Niaya,56,Jan,2018,196,189,57,102,98,8,227,136,41,148,134,10
Central,Niaya,56,Feb,2018,81,78,20,50,48,2,87,56,14,70,67,3
Central,Niaya,56,Mar,2018,148,142,18,98,95,5,166,136,18,144,136,6
Central,Niaya,56,Apr,2018,144,137,41,91,88,4,156,94,28,108,102,5
Central,Niaya,56,May,2018,173,167,52,93,91,5,189,109,34,113,105,5
Central,Niaya,56,Jun,2018,235,228,71,122,121,3,255,146,45,147,141,4
Central,Niaya,56,Jul,2018,180,176,32,110,109,3,200,146,26,152,147,3
Central,Niaya,56,Aug,2018,319,307,65,197,195,3,383,272,58,330,323,6
Central,Niaya,56,Sep,2018,178,175,43,89,88,2,220,145,35,145,141,3
Central,Niaya,56,Oct,2018,458,451,84,295,293,10,572,417,78,532,506,18
Central,Niaya,56,Nov,2018,465,456,98,262,260,5,560,388,83,468,456,9
Central,Niaya,56,Dec,2018,425,411,118,299,288,15,484,295,85,438,412,22
Central,Niaya,73,Jan,2018,38,37,11,9,9,1,44,26,8,14,12,1
Central,Niaya,73,Feb,2018,83,81,20,65,63,3,91,58,15,91,87,3
Central,Niaya,73,Mar,2018,110,105,14,47,46,2,123,101,13,70,66,3
Central,Niaya,73,Apr,2018,85,81,24,62,60,3,93,56,17,75,71,3
Central,Niaya,73,May,2018,42,41,13,21,20,1,46,26,8,25,24,1
Central,Niaya,73,Jun,2018,33,32,10,19,18,0,35,20,6,22,22,1
Central,Niaya,73,Jul,2018,543,529,96,355,352,9,602,440,80,492,474,12
Central,Niaya,73,Aug,2018,99,95,20,66,65,1,119,85,18,110,108,2
Central,Niaya,73,Sep,2018,133,132,32,78,78,2,166,109,26,129,124,3
Central,Niaya,73,Oct,2018,241,237,44,147,146,5,301,220,41,266,253,9
Central,Niaya,73,Nov,2018,279,274,59,144,143,3,337,233,50,257,250,5
Central,Niaya,73,Dec,2018,170,164,47,126,121,6,193,118,34,184,174,9
Central,Niaya,88,Jan,2018,177,171,51,117,113,8,205,123,37,170,154,12
Central,Niaya,88,Feb,2018,33,32,8,23,22,1,36,23,6,32,31,1
Central,Niaya,88,Mar,2018,101,96,12,43,41,2,112,93,12,63,60,3
Central,Niaya,88,Apr,2018,55,53,15,36,35,2,60,36,11,44,41,2
Central,Niaya,88,May,2018,110,107,33,69,67,4,121,69,22,84,78,4
Central,Niaya,88,Jun,2018,84,81,25,65,63,2,90,52,16,77,75,2
Central,Niaya,88,Jul,2018,283,276,50,193,191,5,314,229,42,267,258,6
Central,Niaya,88,Aug,2018,205,197,42,99,98,2,246,175,37,165,162,2
Central,Niaya,88,Sep,2018,441,435,106,275,273,6,548,361,87,451,437,10
Central,Niaya,88,Oct,2018,-9999,48,9,30,29,1,60,44,8,53,51,2
Central,Niaya,88,Nov,2018,269,264,57,162,160,3,324,224,48,288,281,6
Central,Niaya,88,Dec,2018,49,282,81,176,170,9,332,203,58,258,242,13
Plains,Othasii,40,Jan,2018,179,178,59,83,83,0,195,103,34,117,116,1
Plains,Othasii,40,Feb,2018,158,158,49,89,89,0,174,96,29,125,125,0
Plains,Othasii,40,Mar,2018,40,40,10,16,16,0,43,26,7,26,26,0
Plains,Othasii,40,Apr,2018,74,74,10,46,46,0,79,60,9,75,75,0
Plains,Othasii,40,May,2018,87,87,9,41,42,0,89,72,8,70,69,0
Plains,Othasii,40,Jun,2018,47,47,3,22,22,0,50,45,2,35,35,0
Plains,Othasii,40,Jul,2018,49,49,5,38,38,0,52,42,5,45,45,0
Plains,Othasii,40,Aug,2018,115,115,9,67,68,0,150,131,10,150,149,0
Plains,Othasii,40,Sep,2018,61,61,13,28,28,0,75,51,11,52,52,0
Plains,Othasii,40,Oct,2018,87,87,14,62,62,0,99,74,11,82,82,0
Plains,Othasii,40,Nov,2018,185,185,50,135,135,0,212,127,35,190,189,1
Plains,Othasii,40,Dec,2018,117,118,43,63,64,0,129,62,23,75,74,0
Plains,Rumoni,9,Jan,2018,37,37,9,13,13,0,38,23,6,17,17,0
Plains,Rumoni,9,Feb,2018,59,59,15,29,29,0,60,36,9,36,35,1
Plains,Rumoni,9,Mar,2018,97,96,20,64,63,1,96,64,13,86,84,2
Plains,Rumoni,9,Apr,2018,175,174,18,91,91,3,179,147,15,137,130,4
Plains,Rumoni,9,May,2018,205,204,40,89,89,1,211,144,28,137,134,2
Plains,Rumoni,9,Jun,2018,98,98,22,41,41,0,100,64,14,53,52,1
Plains,Rumoni,9,Jul,2018,167,167,49,127,127,2,173,96,28,122,119,1
Plains,Rumoni,9,Aug,2018,233,232,47,151,151,2,267,184,37,255,250,3
Plains,Rumoni,9,Sep,2018,207,207,68,145,145,2,228,120,40,209,205,2
Plains,Rumoni,9,Oct,2018,232,230,72,127,126,2,244,133,41,140,137,2
Plains,Rumoni,9,Nov,2018,164,162,69,130,129,2,169,71,31,148,145,2
Plains,Rumoni,9,Dec,2018,271,268,115,219,219,3,261,104,45,197,192,2
Plains,Rumoni,69,Jan,2018,113,113,27,24,24,0,117,72,18,30,29,1
Plains,Rumoni,69,Feb,2018,139,139,35,62,62,1,142,85,22,76,74,1
Plains,Rumoni,69,Mar,2018,136,135,28,78,78,2,135,89,19,106,102,2
Plains,Rumoni,69,Apr,2018,170,169,17,105,105,3,174,143,15,157,149,5
Plains,Rumoni,69,May,2018,179,178,35,98,98,1,185,126,25,151,148,2
Plains,Rumoni,69,Jun,2018,49,49,11,23,23,0,50,32,7,31,30,1
Plains,Rumoni,69,Jul,2018,182,182,53,131,131,2,188,104,31,126,123,1
Plains,Rumoni,69,Aug,2018,86,85,17,50,50,1,98,68,14,84,82,1
Plains,Rumoni,69,Sep,2018,26,157,52,104,104,1,173,91,30,150,147,2
Plains,Rumoni,69,Oct,2018,116,115,35,83,83,1,122,67,21,92,89,2
Plains,Rumoni,69,Nov,2018,319,315,135,210,210,3,329,139,59,241,234,4
Plains,Rumoni,69,Dec,2018,259,256,110,188,187,3,249,99,43,169,165,2
East,Siabakala,11,Jan,2018,37,37,17,24,24,1,37,14,6,17,16,0
East,Siabakala,11,Feb,2018,165,164,17,82,82,1,170,140,14,92,90,1
East,Siabakala,11,Mar,2018,90,89,29,70,70,1,92,48,16,70,69,0
East,Siabakala,11,Apr,2018,70,70,14,46,46,1,71,48,9,61,59,1
East,Siabakala,11,May,2018,107,107,25,52,52,1,109,68,16,66,64,1
East,Siabakala,11,Jun,2018,86,85,20,53,53,1,89,56,14,80,78,1
East,Siabakala,11,Jul,2018,315,314,59,182,181,5,330,229,43,236,225,7
East,Siabakala,11,Aug,2018,131,130,29,70,70,1,140,92,20,90,87,2
East,Siabakala,11,Sep,2018,241,241,77,102,101,1,257,136,44,123,121,2
East,Siabakala,11,Oct,2018,197,196,82,174,174,2,202,85,36,161,157,2
East,Siabakala,11,Nov,2018,185,184,84,156,156,4,188,72,33,162,155,3
East,Siabakala,11,Dec,2018,237,237,131,218,218,5,231,64,36,152,144,3
Central,Siago,14,Jan,2018,87,85,33,60,59,2,90,42,17,65,62,2
Central,Siago,14,Feb,2018,104,100,52,53,51,3,109,40,21,66,61,4
Central,Siago,14,Mar,2018,62,59,26,22,22,1,10,28,12,26,24,1
Central,Siago,14,Apr,2018,32,31,9,18,17,1,33,19,6,25,23,2
Central,Siago,14,May,2018,73,70,24,55,53,3,80,44,15,76,70,5
Central,Siago,14,Jun,2018,39,37,14,30,29,1,42,22,8,36,34,2
Central,Siago,14,Jul,2018,47,46,8,30,30,0,50,36,7,34,33,1
Central,Siago,14,Aug,2018,188,181,15,67,66,1,243,216,19,260,257,3
Central,Siago,14,Sep,2018,316,311,68,204,202,4,380,260,57,351,342,7
Central,Siago,14,Oct,2018,120,117,32,79,78,2,138,85,24,123,120,2
Central,Siago,14,Nov,2018,-9999,317,95,172,169,4,369,216,64,271,263,7
Central,Siago,14,Dec,2018,319,313,137,207,204,6,335,142,62,219,210,6
Central,Siago,87,Jan,2018,161,157,61,100,98,3,166,78,31,108,103,4
Central,Siago,87,Feb,2018,88,84,44,58,55,4,92,34,18,71,66,4
Central,Siago,87,Mar,2018,80,76,33,55,53,3,82,37,16,63,59,3
Central,Siago,87,Apr,2018,113,107,34,52,49,3,118,69,21,70,65,5
Central,Siago,87,May,2018,94,90,31,71,67,5,104,57,20,97,90,6
Central,Siago,87,Jun,2018,97,93,34,49,48,2,102,53,19,59,55,3
Central,Siago,87,Jul,2018,566,555,102,420,415,8,596,427,78,463,452,8
Central,Siago,87,Aug,2018,522,502,42,159,156,2,674,601,51,621,615,7
Central,Siago,87,Sep,2018,267,263,57,178,176,4,320,219,48,306,298,6
Central,Siago,87,Oct,2018,126,123,34,92,91,2,145,89,25,144,140,3
Central,Siago,87,Nov,2018,214,210,63,131,129,3,244,143,42,205,199,5
Central,Siago,87,Dec,2018,204,200,87,136,134,4,214,91,40,144,138,4
West,Tangue,20,Jan,2018,38,37,8,18,18,0,41,28,6,25,24,1
West,Tangue,20,Feb,2018,253,249,46,168,166,3,269,192,35,225,220,4
West,Tangue,20,Mar,2018,195,192,41,122,120,3,200,134,28,158,154,3
West,Tangue,20,Apr,2018,34,34,4,10,10,0,35,28,3,17,16,1
West,Tangue,20,May,2018,89,88,10,60,59,1,91,74,8,100,98,2
West,Tangue,20,Jun,2018,29,28,6,21,21,0,29,20,4,25,24,1
West,Tangue,20,Jul,2018,-9999,8,3,5,5,0,8,4,1,4,4,0
West,Tangue,20,Aug,2018,443,437,81,314,309,7,505,363,67,515,501,12
West,Tangue,20,Sep,2018,262,258,54,136,134,3,307,212,45,239,232,6
West,Tangue,20,Oct,2018,163,161,37,91,90,2,192,127,30,150,146,3
West,Tangue,20,Nov,2018,311,305,77,176,174,3,348,221,56,263,258,4
West,Tangue,20,Dec,2018,179,177,60,144,143,2,185,95,32,139,136,2
West,Tangue,24,Jan,2018,52,51,11,39,38,1,56,38,8,52,51,1
West,Tangue,24,Feb,2018,158,156,28,82,81,1,168,120,22,110,108,2
West,Tangue,24,Mar,2018,102,100,21,34,33,1,104,70,15,44,43,1
West,Tangue,24,Apr,2018,42,42,5,27,27,0,44,35,4,44,43,1
West,Tangue,24,May,2018,162,158,18,79,78,1,164,135,15,132,129,3
West,Tangue,24,Jun,2018,115,113,24,63,61,2,119,80,17,75,73,2
West,Tangue,24,Jul,2018,107,106,34,80,80,2,111,59,19,67,64,1
West,Tangue,24,Aug,2018,313,309,57,178,175,4,358,257,48,292,284,7
West,Tangue,24,Sep,2018,184,181,38,92,91,2,215,148,32,161,156,4
West,Tangue,24,Oct,2018,312,308,71,193,191,4,368,244,57,318,310,6
West,Tangue,24,Nov,2018,215,212,53,145,143,2,242,153,39,216,212,4
West,Tangue,24,Dec,2018,86,84,29,72,72,1,88,46,15,70,68,1
West,Tangue,27,Jan,2018,154,151,32,97,95,2,164,111,24,130,128,2
West,Tangue,27,Feb,2018,125,123,23,90,89,2,133,95,17,122,119,2
West,Tangue,27,Mar,2018,96,94,20,30,29,0,98,66,14,38,38,1
West,Tangue,27,Apr,2018,126,124,15,87,85,2,129,104,12,140,137,3
West,Tangue,27,May,2018,107,105,12,59,58,1,109,89,10,98,96,2
West,Tangue,27,Jun,2018,244,238,51,125,123,3,250,169,36,151,146,4
West,Tangue,27,Jul,2018,366,361,115,268,266,6,378,203,65,223,215,4
West,Tangue,27,Aug,2018,NA,265,49,158,156,3,307,221,41,259,252,6
West,Tangue,27,Sep,2018,137,135,29,83,83,2,161,111,23,147,142,3
West,Tangue,27,Oct,2018,376,371,87,225,223,4,444,294,68,371,362,7
West,Tangue,27,Nov,2018,72,71,18,43,42,1,81,51,13,64,63,1
West,Tangue,27,Dec,2018,239,236,79,155,154,2,41,128,43,149,146,2
East,Tchimari,12,Jan,2018,202,200,59,103,103,0,37,128,37,148,147,1
East,Tchimari,12,Feb,2018,117,116,38,75,75,1,129,69,23,106,104,1
East,Tchimari,12,Mar,2018,65,65,13,33,33,0,69,46,10,48,48,0
East,Tchimari,12,Apr,2018,129,128,27,76,75,1,138,93,19,112,111,1
East,Tchimari,12,May,2018,45,45,11,30,30,0,50,31,8,42,41,1
East,Tchimari,12,Jun,2018,97,97,33,65,65,1,100,50,17,56,55,0
East,Tchimari,12,Jul,2018,213,211,80,147,147,1,215,99,38,128,126,1
East,Tchimari,12,Aug,2018,98,97,27,77,77,0,104,61,17,99,98,1
East,Tchimari,12,Sep,2018,181,180,55,111,111,0,201,113,34,151,150,1
East,Tchimari,12,Oct,2018,175,174,60,110,110,1,200,105,36,148,146,1
East,Tchimari,12,Nov,2018,130,130,29,69,69,0,142,93,20,97,96,1
East,Tchimari,12,Dec,2018,NA,132,44,105,105,0,144,75,25,113,112,1
East,Tchimari,18,Jan,2018,96,95,28,47,47,0,106,61,18,68,68,0
East,Tchimari,18,Feb,2018,147,146,48,85,84,1,162,86,29,119,118,1
East,Tchimari,18,Mar,2018,32,31,6,23,23,0,33,23,5,33,33,0
East,Tchimari,18,Apr,2018,99,98,21,37,36,0,107,72,15,54,54,1
East,Tchimari,18,May,2018,NA,130,33,72,72,1,143,89,22,100,98,1
East,Tchimari,18,Jun,2018,92,92,31,40,40,1,94,47,16,34,33,0
East,Tchimari,18,Jul,2018,260,258,98,183,183,1,263,121,46,159,157,1
East,Tchimari,18,Aug,2018,114,113,32,64,64,0,122,71,20,82,81,1
East,Tchimari,18,Sep,2018,160,159,48,113,113,0,177,100,30,153,152,1
East,Tchimari,18,Oct,2018,145,145,50,97,97,1,167,87,30,131,129,1
East,Tchimari,18,Nov,2018,301,300,66,212,211,2,326,214,47,296,293,2
East,Tchimari,18,Dec,2018,198,197,65,160,159,1,215,113,38,171,170,1
East,Tchimari,86,Jan,18,113,112,33,66,65,0,21,72,21,94,94,1
East,Tchimari,86,Feb,18,83,82,27,42,42,0,91,49,16,59,58,1
East,Tchimari,86,Mar,18,264,263,54,197,197,1,280,188,39,287,285,1
East,Tchimari,86,Apr,18,82,81,17,31,30,0,87,59,12,45,45,1
East,Tchimari,86,May,18,44,44,11,13,13,0,49,30,8,18,18,0
East,Tchimari,86,Jun,18,70,70,24,19,20,0,72,36,12,17,16,0
East,Tchimari,86,Jul,18,184,182,69,124,124,1,185,85,33,108,107,0
East,Tchimari,86,Aug,18,465,463,130,320,319,1,498,289,81,411,409,2
East,Tchimari,86,Sep,18,202,201,61,165,165,1,223,125,38,224,222,1
East,Tchimari,86,Oct,18,298,297,103,205,204,1,342,178,62,275,273,2
East,Tchimari,86,Nov,18,183,183,40,147,147,1,199,130,29,205,203,1
East,Tchimari,86,Dec,18,33,33,11,28,29,0,36,19,6,31,30,0
West,Ushiranga,23,Jan,2018,89,89,40,47,48,1,15,34,15,45,43,0
West,Ushiranga,23,Feb,2018,173,173,85,44,44,0,167,55,27,46,45,1
West,Ushiranga,23,Mar,2018,152,151,63,105,105,2,143,57,24,73,70,1
West,Ushiranga,23,Apr,2018,156,156,59,94,94,2,149,65,25,103,99,2
West,Ushiranga,23,May,2018,169,169,63,125,125,2,165,74,28,137,133,2
West,Ushiranga,23,Jun,2018,84,84,38,56,56,1,85,32,15,50,49,0
West,Ushiranga,23,Jul,2018,257,257,145,192,192,1,255,70,40,142,141,0
West,Ushiranga,23,Aug,2018,119,119,60,92,92,1,124,43,21,86,85,0
West,Ushiranga,23,Sep,2018,396,396,218,338,338,1,398,116,64,285,283,1
West,Ushiranga,23,Oct,2018,NA,376,213,284,284,3,388,112,63,228,223,2
West,Ushiranga,23,Nov,2018,279,279,163,216,215,2,280,74,43,166,163,2
West,Ushiranga,23,Dec,2018,170,168,89,149,149,5,162,49,26,110,101,4
Central,Winnedua,39,Jan,2018,177,174,61,107,105,4,198,104,36,137,130,5
Central,Winnedua,39,Feb,2018,80,77,45,61,60,3,86,28,16,71,66,3
Central,Winnedua,39,Mar,2018,55,53,25,33,32,2,59,25,11,43,39,3
Central,Winnedua,39,Apr,2018,135,129,55,83,81,5,141,65,27,86,78,5
Central,Winnedua,39,May,2018,203,197,76,127,124,7,215,105,40,118,108,6
Central,Winnedua,39,Jun,2018,82,80,33,74,72,4,85,38,16,71,66,3
Central,Winnedua,39,Jul,2018,196,191,64,126,124,4,208,111,38,132,125,5
Central,Winnedua,39,Aug,2018,36,36,8,17,17,0,43,28,7,27,26,1
Central,Winnedua,39,Sep,2018,201,197,37,106,104,5,231,166,32,155,146,6
Central,Winnedua,39,Oct,2018,334,330,62,208,206,6,410,297,55,354,340,10
Central,Winnedua,39,Nov,2018,161,158,13,92,90,4,189,166,13,168,160,6
Central,Winnedua,39,Dec,2018,142,139,25,106,104,3,155,113,20,148,142,5
central,Winnedua,49,Jan,2018,277,271,96,172,169,7,310,163,57,221,209,8
central,Winnedua,49,Feb,2018,61,59,34,52,51,2,66,22,12,61,57,3
central,Winnedua,49,Mar,2018,86,84,38,64,62,5,93,39,18,83,75,5
central,Winnedua,49,Apr,2018,106,101,43,51,50,3,110,51,21,53,48,3
central,Winnedua,49,May,2018,125,121,47,76,74,4,133,65,25,71,65,4
central,Winnedua,49,Jun,2018,110,108,45,82,81,4,114,50,21,80,73,4
central,Winnedua,49,Jul,2018,265,259,87,204,201,7,283,151,51,215,203,8
central,Winnedua,49,Aug,2018,141,139,34,91,90,2,166,108,26,142,137,4
central,Winnedua,49,Sep,2018,316,310,59,219,215,9,363,261,49,320,302,13
central,Winnedua,49,Oct,2018,200,198,37,113,112,3,246,178,33,192,184,6
central,Winnedua,49,Nov,2018,254,249,20,139,137,5,299,262,22,255,243,9
central,Winnedua,49,Dec,2018,333,327,59,200,196,6,365,265,47,278,268,8
central,Yagoloko,3,Jan,2018,92,87,35,72,68,9,117,62,25,115,97,13
central,Yagoloko,3,Feb,2018,231,221,34,137,129,11,251,197,30,258,236,19
central,Yagoloko,3,Mar,2018,94,89,23,49,45,5,107,71,18,84,76,7
central,Yagoloko,3,Apr,2018,104,100,25,77,74,5,117,77,19,94,87,5
central,Yagoloko,3,May,2018,86,84,22,62,61,3,89,54,15,80,74,4
central,Yagoloko,3,Jun,2018,241,226,66,63,59,6,275,174,50,81,72,7
central,Yagoloko,3,Jul,2018,194,187,38,91,89,3,229,164,34,181,175,5
central,Yagoloko,3,Aug,2018,434,427,17,217,214,6,528,498,20,429,415,11
central,Yagoloko,3,Sep,2018,332,324,21,153,150,6,413,376,24,353,337,13
central,Yagoloko,3,Oct,2018,146,142,0,70,68,3,214,218,0,225,214,10
central,Yagoloko,3,Nov,2018,163,153,3,77,72,5,214,217,4,189,176,13
central,Yagoloko,3,Dec,2018,214,210,8,128,124,5,255,241,10,264,252,11
Central,Yagoloko,16,Jan,2018,75,71,29,49,46,6,96,51,20,77,65,9
Central,Yagoloko,16,Feb,2018,114,109,16,38,36,3,123,97,15,72,66,5
Central,Yagoloko,16,Mar,2018,123,116,30,67,62,6,139,92,24,114,103,10
Central,Yagoloko,16,Apr,2018,147,141,35,76,73,5,165,109,27,92,85,5
Central,Yagoloko,16,May,2018,59,57,15,30,30,1,60,37,10,39,36,2
Central,Yagoloko,16,Jun,2018,117,110,32,87,82,8,134,85,24,113,100,10
Central,Yagoloko,16,Jul,2018,369,356,73,213,210,7,437,313,64,426,409,13
Central,Yagoloko,16,Aug,2018,387,381,15,209,206,5,471,444,18,412,399,11
Central,Yagoloko,16,Sep,2018,-9999,208,13,111,108,4,265,241,16,254,243,10
Central,Yagoloko,16,Oct,2018,223,218,0,102,100,5,328,333,0,332,315,14
Central,Yagoloko,16,Nov,2018,45,42,1,24,22,2,58,59,1,58,54,4
Central,Yagoloko,16,Dec,2018,171,167,7,81,79,3,203,192,8,168,160,7
Central,Yagoloko,28,Jan,2018,185,175,70,138,130,17,235,125,50,219,185,25
Central,Yagoloko,28,Feb,2018,141,135,21,41,39,3,154,121,18,78,71,6
Central,Yagoloko,28,Mar,2018,94,89,23,44,41,4,107,71,18,75,68,6
Central,Yagoloko,28,Apr,2018,142,136,34,79,76,5,160,106,26,95,88,5
Central,Yagoloko,28,May,2018,-9999,60,16,25,25,1,63,39,10,33,30,2
Central,Yagoloko,28,Jun,2018,16,15,5,5,5,0,18,11,3,7,6,1
Central,Yagoloko,28,Jul,2018,29,28,6,16,16,0,34,24,5,31,30,1
Central,Yagoloko,28,Aug,2018,177,174,7,77,76,2,216,204,8,151,146,4
Central,Yagoloko,28,Sep,2018,223,218,14,105,103,4,278,253,16,242,231,9
Central,Yagoloko,28,Oct,2018,112,110,0,50,49,2,165,167,0,162,154,7
Central,Yagoloko,28,Nov,2018,50,280,5,158,148,11,391,397,8,389,362,26
Central,Yagoloko,28,Dec,2018,180,177,7,94,92,4,215,203,8,195,185,8
Central,Yagoloko,35,Jan,2018,123,117,47,74,70,9,157,83,33,117,99,13
Central,Yagoloko,35,Feb,2018,56,54,8,25,23,2,61,48,7,46,43,3
Central,Yagoloko,35,Mar,2018,87,83,21,58,54,5,99,65,17,100,90,9
Central,Yagoloko,35,Apr,2018,17,16,4,11,11,0,18,12,3,13,12,1
Central,Yagoloko,35,May,2018,79,77,21,39,39,2,82,50,13,51,47,2
Central,Yagoloko,35,Jun,2018,158,148,43,59,55,5,180,114,33,76,68,7
Central,Yagoloko,35,Jul,2018,130,125,26,61,60,2,153,110,22,122,117,4
Central,Yagoloko,35,Aug,2018,NA,432,17,198,195,5,534,504,20,390,377,11
Central,Yagoloko,35,Sep,2018,144,141,9,54,53,2,179,163,10,126,120,5
Central,Yagoloko,35,Oct,2018,171,168,0,77,75,3,253,256,0,250,238,11
Central,Yagoloko,35,Nov,2018,308,289,5,133,125,9,403,409,8,328,305,22
Central,Yagoloko,35,Dec,2018,49,48,2,34,33,1,59,56,2,69,66,3
central,Yagoloko,43,Jan,2018,11,11,4,7,6,1,14,7,3,10,9,1
central,Yagoloko,43,Feb,2018,80,76,12,36,34,3,86,68,10,69,63,5
central,Yagoloko,43,Mar,2018,57,54,14,34,32,3,65,43,11,59,53,5
central,Yagoloko,43,Apr,2018,260,249,63,159,152,10,292,192,48,192,178,11
central,Yagoloko,43,May,2018,250,243,66,103,101,5,258,157,42,133,123,7
central,Yagoloko,43,Jun,2018,NA,137,40,86,81,8,NA,105,30,112,99,10
central,Yagoloko,43,Jul,2018,135,130,27,60,59,2,159,114,23,119,114,4
central,Yagoloko,43,Aug,2018,-9999,242,10,89,87,2,299,282,11,175,170,5
central,Yagoloko,43,Sep,2018,139,136,9,50,49,2,174,158,10,114,109,4
central,Yagoloko,43,Oct,2018,NA,220,0,102,99,4,331,335,0,329,314,14
central,Yagoloko,43,Nov,2018,313,293,5,170,159,12,409,416,8,419,390,28
central,Yagoloko,43,Dec,2018,111,109,4,63,62,3,133,126,5,131,124,5
Plains,Yakos,91,Jan,2018,110,110,52,74,74,1,102,34,16,49,48,0
Plains,Yakos,91,Feb,2018,93,93,25,52,52,0,94,54,15,54,53,1
Plains,Yakos,91,Mar,2018,140,140,38,80,80,0,136,77,21,87,87,0
Plains,Yakos,91,Apr,2018,81,81,18,68,68,0,81,52,11,93,92,1
Plains,Yakos,91,May,2018,44,44,10,23,22,0,44,28,6,32,32,1
Plains,Yakos,91,Jun,2018,105,105,27,65,65,1,107,64,16,104,102,1
Plains,Yakos,91,Jul,2018,83,83,25,48,48,1,83,45,13,41,40,0
Plains,Yakos,91,Aug,2018,174,174,57,141,142,1,177,90,30,147,144,1
Plains,Yakos,91,Sep,2018,308,308,130,219,219,2,310,127,53,215,211,2
Plains,Yakos,91,Oct,2018,234,234,114,169,169,2,231,79,38,140,137,1
Plains,Yakos,91,Nov,2018,183,183,101,151,151,2,178,50,27,131,128,1
Plains,Yakos,91,Dec,2018,221,221,123,210,210,6,213,58,32,131,121,4
West,Yenagbo,48,Jan,2018,29,29,6,17,17,0,32,21,5,25,24,1
West,Yenagbo,48,Feb,2018,198,197,54,82,81,2,219,130,36,136,131,4
West,Yenagbo,48,Mar,2018,120,118,11,58,56,2,130,110,11,97,94,3
West,Yenagbo,48,Apr,2018,202,199,42,53,51,2,220,150,31,104,101,3
West,Yenagbo,48,May,2018,-9999,39,9,19,18,1,42,28,6,32,31,1
West,Yenagbo,48,Jun,2018,143,141,40,92,90,4,157,92,27,149,142,5
West,Yenagbo,48,Jul,2018,61,60,17,38,38,1,67,40,11,39,37,1
West,Yenagbo,48,Aug,2018,292,287,1,130,128,2,353,356,1,273,269,4
West,Yenagbo,48,Sep,2018,333,329,21,191,188,5,401,361,23,399,388,9
West,Yenagbo,48,Oct,2018,136,134,26,51,51,1,172,124,24,101,98,2
West,Yenagbo,48,Nov,2018,55,54,8,30,29,1,68,54,7,63,62,1
West,Yenagbo,48,Dec,2018,283,281,72,217,215,4,311,192,49,232,225,5
West,Yenagbo,62,Jan,2018,80,78,17,25,24,1,86,59,12,36,35,1
West,Yenagbo,62,Feb,2018,220,218,60,88,86,2,243,145,40,144,140,4
West,Yenagbo,62,Mar,2018,71,70,7,35,34,1,77,65,6,58,56,2
West,Yenagbo,62,Apr,2018,115,114,24,52,51,2,126,85,18,103,99,3
West,Yenagbo,62,May,2018,50,49,11,26,26,1,52,34,8,46,44,1
West,Yenagbo,62,Jun,2018,191,189,54,56,55,2,210,123,35,91,86,4
West,Yenagbo,62,Jul,2018,298,292,83,258,255,7,325,193,55,263,252,7
West,Yenagbo,62,Aug,2018,403,396,1,237,235,4,487,491,2,500,491,7
West,Yenagbo,62,Sep,2018,253,250,16,142,140,3,305,275,17,295,287,7
West,Yenagbo,62,Oct,2018,343,340,66,166,165,3,436,313,60,324,317,5
West,Yenagbo,62,Nov,2018,403,399,54,211,208,4,497,394,53,453,442,10
West,Yenagbo,62,Dec,2018,126,125,32,96,95,2,139,86,22,102,99,2
East,Yorolesse,19,Jan,2018,68,67,13,30,30,0,68,47,9,32,31,1
East,Yorolesse,19,Feb,2018,210,210,35,112,112,0,207,147,25,123,123,0
East,Yorolesse,19,Mar,2018,168,167,33,71,71,0,168,114,22,95,94,1
East,Yorolesse,19,Apr,2018,175,174,9,57,57,0,168,152,8,82,82,0
East,Yorolesse,19,May,2018,130,129,15,56,56,0,95,72,9,97,96,1
East,Yorolesse,19,Jun,2018,81,79,0,46,46,0,81,83,0,61,60,1
East,Yorolesse,19,Jul,2018,54,54,9,49,49,1,54,39,6,36,35,0
East,Yorolesse,19,Aug,2018,357,355,15,222,220,1,356,329,14,263,262,2
East,Yorolesse,19,Sep,2018,286,284,82,207,205,1,296,168,48,221,220,2
East,Yorolesse,19,Oct,2018,105,104,35,80,80,1,106,54,18,80,79,0
East,Yorolesse,19,Nov,2018,113,112,33,96,95,0,114,63,19,100,100,1
East,Yorolesse,19,Dec,2018,333,331,113,218,217,1,331,164,56,208,207,1
East,Yorolesse,21,Jan,2018,52,50,10,39,38,1,51,36,7,41,40,1
East,Yorolesse,21,Feb,2018,71,71,12,47,47,0,70,50,8,52,52,0
East,Yorolesse,21,Mar,2018,74,74,14,39,39,0,75,51,10,52,51,1
East,Yorolesse,21,Apr,2018,56,56,3,20,20,0,54,49,2,30,30,0
East,Yorolesse,21,May,2018,95,95,12,48,48,0,70,52,6,84,83,1
East,Yorolesse,21,Jun,2018,343,333,0,203,202,1,344,354,0,266,264,2
East,Yorolesse,21,Jul,2018,210,208,35,178,176,1,209,151,25,129,129,1
East,Yorolesse,21,Aug,2018,222,221,9,153,152,1,222,205,9,181,180,1
East,Yorolesse,21,Sep,2018,277,275,79,227,225,1,286,162,47,243,242,2
East,Yorolesse,21,Oct,2018,190,189,63,74,74,1,193,98,33,74,73,0
East,Yorolesse,21,Nov,2018,257,255,75,191,190,1,261,145,43,201,200,1
East,Yorolesse,21,Dec,2018,107,106,36,83,82,1,106,53,18,79,79,0
East,Yorolesse,34,Jan,2018,142,138,27,100,99,2,140,98,19,107,103,3
East,Yorolesse,34,Feb,2018,29,29,5,12,12,0,28,20,3,14,14,0
East,Yorolesse,34,Mar,2018,74,74,14,38,37,0,74,50,10,50,50,1
East,Yorolesse,34,Apr,2018,219,219,11,71,71,0,211,190,10,104,104,0
East,Yorolesse,34,May,2018,101,100,12,44,43,0,74,56,7,75,75,1
East,Yorolesse,34,Jun,2018,52,51,0,28,28,0,53,54,0,37,37,0
East,Yorolesse,34,Jul,2018,193,191,32,142,141,1,193,140,23,103,103,0
East,Yorolesse,34,Aug,2018,235,233,10,168,167,1,234,217,9,200,199,1
East,Yorolesse,34,Sep,2018,401,398,114,279,276,2,413,235,67,299,298,2
East,Yorolesse,34,Oct,2018,117,117,39,70,70,1,119,60,20,70,69,0
East,Yorolesse,34,Nov,2018,180,179,53,117,117,0,184,102,30,124,123,1
East,Yorolesse,34,Dec,2018,186,185,64,138,138,1,186,92,31,132,131,0
East,Yorolesse,46,Jan,2018,470,459,90,262,260,6,466,324,63,282,272,6
East,Yorolesse,46,Feb,2018,83,83,14,39,39,0,81,58,9,42,42,0
East,Yorolesse,46,Mar,2018,36,36,7,26,26,0,37,25,5,34,34,0
East,Yorolesse,46,Apr,2018,122,122,6,42,42,0,118,106,6,61,61,0
East,Yorolesse,46,May,2018,153,152,18,82,81,0,111,84,10,141,141,1
East,Yorolesse,46,Jun,2018,81,79,0,33,32,0,81,83,0,42,42,1
East,Yorolesse,46,Jul,2018,148,147,24,137,136,1,148,107,18,100,100,0
East,Yorolesse,46,Aug,2018,-9999,178,8,147,146,1,179,165,7,175,174,1
East,Yorolesse,46,Sep,2018,220,218,63,170,168,1,227,129,37,182,182,1
East,Yorolesse,46,Oct,2018,102,102,34,84,83,1,103,52,17,83,83,0
East,Yorolesse,46,Nov,2018,NA,82,24,45,45,0,84,46,14,48,48,0
East,Yorolesse,46,Dec,2018,190,189,65,138,138,1,189,93,32,132,131,0
East,Yorolesse,54,Jan,2018,112,109,22,38,37,1,111,77,15,40,39,1
East,Yorolesse,54,Feb,2018,10,10,2,5,5,0,10,7,1,5,5,0
East,Yorolesse,54,Mar,2018,106,106,21,71,71,0,107,72,14,96,95,1
East,Yorolesse,54,Apr,2018,210,210,11,82,81,0,202,182,9,118,118,1
East,Yorolesse,54,May,2018,73,73,9,22,22,0,54,40,5,39,39,0
East,Yorolesse,54,Jun,2018,82,80,0,49,49,0,82,84,0,64,63,1
East,Yorolesse,54,Jul,2018,62,61,10,39,39,0,62,45,8,28,28,0
East,Yorolesse,54,Aug,2018,211,209,9,149,148,1,210,195,8,177,176,1
East,Yorolesse,54,Sep,2018,191,190,55,133,131,1,198,112,32,142,142,1
East,Yorolesse,54,Oct,2018,337,336,111,265,264,1,342,174,58,264,263,1
East,Yorolesse,54,Nov,2018,169,168,50,124,124,0,172,95,28,131,130,1
East,Yorolesse,54,Dec,2018,259,258,88,200,199,1,258,127,44,190,189,1
West,Youko,4,Jan,2018,56,55,5,27,27,1,58,49,5,39,37,1
West,Youko,4,Feb,2018,106,104,21,74,73,3,112,77,16,97,92,3
West,Youko,4,Mar,2018,118,118,35,61,61,1,122,67,20,74,71,2
West,Youko,4,Apr,2018,102,99,23,59,59,0,102,67,15,81,80,1
West,Youko,4,May,2018,60,60,15,30,29,1,63,38,10,44,42,2
West,Youko,4,Jun,2018,88,88,21,51,51,2,96,60,15,66,61,3
West,Youko,4,Jul,2018,259,257,93,139,138,5,274,134,49,128,120,4
West,Youko,4,Aug,2018,174,174,19,108,107,3,201,164,18,182,175,5
West,Youko,4,Sep,2018,NA,348,48,229,228,7,401,311,43,377,359,12
West,Youko,4,Oct,2018,169,169,29,106,106,2,199,145,25,166,162,2
West,Youko,4,Nov,2018,NA,116,17,62,62,1,132,100,15,111,109,1
West,Youko,4,Dec,2018,167,166,46,132,131,2,181,107,29,146,142,3
North Coast,Yumka,55,Jan,2018,124,123,47,82,82,0,133,63,24,99,99,0
North Coast,Yumka,55,Feb,2018,27,27,9,24,24,0,29,15,5,28,28,0
North Coast,Yumka,55,Mar,2018,72,72,19,33,33,0,74,43,12,44,44,0
North Coast,Yumka,55,Apr,2018,190,190,50,98,98,0,195,115,30,137,137,0
North Coast,Yumka,55,May,2018,83,82,20,48,48,0,84,52,13,75,74,1
North Coast,Yumka,55,Jun,2018,58,58,17,30,30,0,63,36,10,40,40,0
North Coast,Yumka,55,Jul,2018,53,53,14,38,38,0,57,34,9,35,35,0
North Coast,Yumka,55,Aug,2018,108,107,15,57,57,0,134,106,14,144,144,0
North Coast,Yumka,55,Sep,2018,274,272,81,207,207,0,315,182,54,311,310,1
North Coast,Yumka,55,Oct,2018,33,199,67,134,134,0,219,114,39,173,173,0
North Coast,Yumka,55,Nov,2018,168,167,58,121,121,0,176,89,30,185,184,1
North Coast,Yumka,55,Dec,2018,113,113,50,69,69,0,116,46,20,65,65,0
North Coast,Yumka,100,Jan,2018,135,135,51,74,74,0,146,69,26,89,89,0
North Coast,Yumka,100,Feb,2018,74,74,24,47,47,0,79,41,14,56,56,0
North Coast,Yumka,100,Mar,2018,139,139,38,62,62,0,144,83,23,84,83,1
North Coast,Yumka,100,Apr,2018,48,48,12,28,28,0,49,29,8,39,39,0
North Coast,Yumka,100,May,2018,9,55,13,35,34,0,57,35,9,53,53,1
North Coast,Yumka,100,Jun,2018,153,153,44,72,72,0,167,96,27,97,97,0
North Coast,Yumka,100,Jul,2018,257,257,67,219,219,0,277,166,44,205,205,0
North Coast,Yumka,100,Aug,2018,255,253,34,104,104,0,317,251,34,261,261,0
North Coast,Yumka,100,Sep,2018,187,186,55,123,123,0,215,124,37,186,185,1
North Coast,Yumka,100,Oct,2018,282,282,95,229,229,0,311,162,54,295,294,1
North Coast,Yumka,100,Nov,2018,84,84,29,44,44,0,88,44,15,68,68,0
North Coast,Yumka,100,Dec,2018,234,234,103,152,152,0,242,96,43,145,145,0
Plains,Zikishi,31,Jan,2018,56,54,23,34,33,2,53,22,10,31,29,1
Plains,Zikishi,31,Feb,2018,157,156,65,96,95,1,152,62,26,91,90,1
Plains,Zikishi,31,Mar,2018,101,97,39,60,60,0,94,42,17,62,61,1
Plains,Zikishi,31,Apr,2018,120,117,32,68,67,0,118,70,19,93,93,1
Plains,Zikishi,31,May,2018,174,172,49,79,79,0,174,99,28,101,100,1
Plains,Zikishi,31,Jun,2018,152,144,32,77,76,0,154,107,23,91,91,1
Plains,Zikishi,31,Jul,2018,308,304,96,310,309,1,309,165,52,233,232,1
Plains,Zikishi,31,Aug,2018,71,67,20,58,58,0,71,42,13,73,73,0
Plains,Zikishi,31,Sep,2018,166,159,87,134,134,1,162,53,29,118,117,0
Plains,Zikishi,31,Oct,2018,296,293,165,208,208,1,285,79,44,173,172,0
Plains,Zikishi,31,Nov,2018,104,104,50,102,102,1,97,32,15,95,94,0
Plains,Zikishi,31,Dec,2018,144,143,78,138,137,1,133,36,20,93,93,0
Plains,Zikishi,45,Jan,2018,83,81,35,55,55,2,80,33,14,52,48,2
Plains,Zikishi,45,Feb,2018,118,116,49,82,82,1,113,47,19,78,77,0
Plains,Zikishi,45,Mar,2018,91,88,36,42,42,0,86,38,15,43,42,1
Plains,Zikishi,45,Apr,2018,79,77,21,31,31,0,79,47,13,43,43,0
Plains,Zikishi,45,May,2018,105,104,29,85,85,0,105,60,17,108,107,1
Plains,Zikishi,45,Jun,2018,177,168,37,111,111,1,180,125,27,133,131,1
Plains,Zikishi,45,Jul,2018,118,117,37,94,94,0,119,63,20,71,71,0
Plains,Zikishi,45,Aug,2018,133,127,38,85,84,0,134,79,23,108,108,1
Plains,Zikishi,45,Sep,2018,272,260,142,226,224,1,266,88,48,197,197,1
Plains,Zikishi,45,Oct,2018,222,220,123,183,182,1,213,59,33,151,151,0
Plains,Zikishi,45,Nov,2018,194,193,93,168,168,1,181,60,29,156,155,0
Plains,Zikishi,45,Dec,2018,367,365,199,245,244,1,339,92,50,166,166,0
Plains,Zikishi,90,Jan,2018,73,72,30,59,58,3,71,29,13,55,51,2
Plains,Zikishi,90,Feb,2018,108,107,45,18,18,0,105,43,18,16,16,0
Plains,Zikishi,90,Mar,2018,65,63,25,48,47,0,61,27,11,49,49,1
Plains,Zikishi,90,Apr,2018,160,157,42,85,85,0,159,94,26,118,117,1
Plains,Zikishi,90,May,2018,40,39,11,28,28,0,39,23,6,36,36,0
Plains,Zikishi,90,Jun,2018,68,64,14,45,45,0,69,48,11,54,53,1
Plains,Zikishi,90,Jul,2018,137,135,43,113,113,1,137,73,23,85,84,0
Plains,Zikishi,90,Aug,2018,470,448,134,307,306,1,472,277,83,392,391,1
Plains,Zikishi,90,Sep,2018,150,144,79,97,96,1,147,48,26,85,85,0
Plains,Zikishi,90,Oct,2018,206,203,114,163,162,1,197,55,31,135,135,0
Plains,Zikishi,90,Nov,2018,306,304,147,187,186,1,285,95,45,173,173,0
Plains,Zikishi,90,Dec,2018,307,306,166,292,291,1,284,77,42,199,198,1
West,Zila,75,Jan,2018,164,163,57,80,80,1,184,95,33,84,81,2
West,Zila,75,Feb,2018,56,56,14,44,44,1,62,38,10,60,58,1
West,Zila,75,Mar,2018,57,57,13,31,31,0,63,41,9,45,44,1
West,Zila,75,Apr,2018,145,145,19,48,48,0,162,126,17,82,81,1
West,Zila,75,May,2018,95,95,9,32,32,0,105,88,8,57,56,1
West,Zila,75,Jun,2018,78,78,19,56,56,0,89,56,14,77,76,1
West,Zila,75,Jul,2018,103,103,38,82,82,1,110,53,19,74,72,1
West,Zila,75,Aug,2018,327,327,61,185,185,1,371,261,49,252,250,1
West,Zila,75,Sep,2018,288,288,64,215,214,2,329,217,48,300,297,2
West,Zila,75,Oct,2018,55,55,13,41,41,0,63,40,10,61,60,1
West,Zila,75,Nov,2018,174,174,36,97,97,1,203,138,29,161,159,1
West,Zila,75,Dec,2018,259,259,69,207,207,1,289,174,46,239,236,2
